EAN;Cikknév;ATC név;Aktív
;4-ES ÖBLÖGETÕ; ;1
;5-FROTU 5000MG/100ML OLDATOS INJ  /K; ;1
;ABILIFY MAINTENA 400MG POR+OLDÓSZ RET SZ;aripiprazol;1
;ABRAXANE 5MG/ML POR DISZPERZIÓS INFÚZIÓH;paclitaxel;1
;ACCU-CHEK INSTANT 50X TESZTCSÍK; ;1
;ACCU-CHEK PERFORMA 50X TESZTCSÍK; ;1
;ACCUCHEK ACTIV GLUCOS 50X; ;1
;ACEPRAMIN GRANULÁTUM;aminokapronsav;1
;ACETONUM;;1
;ACICLOVIR AL 400MG TABLETTA;aciklovir;1
;ACICLOVIR AL 800MG TABLETTA;aciklovir;1
;ACICLOVIR ROMPHARM 250MG POR OLD INFÚZIÓ;aciklovir;1
;ACID. TRICHLORACETIC SOL. 20% 1G; ;1
;ACID. TRICHLORACETIC SOL. 30% 1G; ;1
;ACID. TRICHLORACETIC SOL. 50% 1G; ;1
;ACIDUM ACETICUM GLACIALE / ACID ACETIC C;;1
;ACIDUM ACETYLSALICYLICUM;;1
;ACIDUM BORICUM POR;;1
;ACIDUM CITRIC MONOHYDRIC / ACID CITRIC;;1
;ACIDUM HYDROCHLORID CONC / ACID CHLORAT;;1
;ACIDUM LACTICUM;;1
;ACIDUM OLEICUM;;1
;ACIDUM SALICYLICUM;;1
;ACIDUM SORBICUM;;1
;ACIDUM STEARICUM  / STEARINUM;;1
;ACIDUM TRICHLORACETICUM; ;1
;ACLOTIN 250MG FILMTABLETTA;ticlopidin;1
;ACTIM PROM -MAGZATVÍZ SZIVÁRGÁS DETEKTÁLÓ GYORSTESZT 10X; ;1
;ADDAVEN KONCENTRÁTUM OLDATOS INFÚZIÓHOZ;elektrolit infúziós oldatok kombinációi más gyógyszerekkel;1
;ADENOCOR 3MG/ML OLDATOS INJEKCIÓ;adenozin;1
;ADEPS LANAE / CERA LANAE;;1
;ADEPS SOLIDUS 50;;1
;ADEXOR PROLONG 40MG RETARD KEM KAPSZ;Trimetazidine;1
;ADEXOR PROLONG 80MG RETARD KEM KAPSZ;Trimetazidine;1
;ADIMET 1000MG FILMTABLETTA / METRIVIN;metformin;1
;ADRESALF 1 MG/ML KONCENTRÁTUM OLDATOS IN;epinefrin;1
;ADVANTAN 1MG/ML KENÕCS;Methylprednisolone aceponate;1
;AEROBIC CULTURE BOTTLE FA (20 TESTS/KIT); ;1
;AEROBIC CULTURE BOTTLE PF (20 TESTS/KIT); ;1
;AETHER;;1
;AETHOXYSKLEROL 10MG/ML OLDATOS INJEKCIÓ;polidokanol;1
;AETHOXYSKLEROL OESO OLD INJEKCIÓ;polidokanol;1
;AFOSFOL 3G GRAN BELS OLDATHOZ;phosphomycin;1
;AKINETON 2MG TABLETTA;biperidén;1
;AKINETON 5MG/ML OLDATOS INJEKCIÓ;biperidén;1
;AKSOLIN 875MG/125MG POR BELS SZUSZP;amoxicillin - laktamázgátló kombinációk;1
;AKTIL 500MG/125MG FILMTABLETTA;amoxicillin - laktamázgátló kombinációk;1
;AKTIL DUO 875MG/125MG FILMTABLETTA;amoxicillin - laktamázgátló kombinációk;1
;ALCOHOL CETYLICUS ET STEARYLICUS;;1
;ALCOHOLUM DILUTUM 70%; ;1
;ALCOHOLUM ISOPROPYLICUS CONC.;;1
;ALCOHOLUM ISOPROPYLICUS DILUTUM 70%; ;1
;ALEXAN  50MG/ML OLDATOS INJEKCIÓ V INF;citarabin;1
;ALFETIM UNO 10MG RETARD TABLETTA;alfuzosin;1
;ALGOZONE 500MG TABLETTA;metamizol-nátrium;1
;ALKCEMA KENÕCS;triamcinolon - antiszeptikum kombinációk;1
;ALKOHOL PHARMAMAGIST 80% OLDATOS INJEKCI;Ethanol;1
;ALPHA D3 0,25MCG LÁGY KAPSZULA;alfa-kalcidiol;1
;ALUMINIUM ACETICUM TARTARICUM SOLUTUM;;1
;AMBISOME 50MG POR DISZPERZIÓS INFÚZIÓHOZ;amfotericin;1
;AMBROBENE  7,5MG/ML BELS OLDAT;ambroxol;1
;AMBROXOL-EGIS 30MG TABLETTA;ambroxol;1
;AMIKACIN KABI 5MG/ML OLDATOS INFÚZIÓ;amikacin;1
;AMILORID COMP PHARMAVIT TABLETTA;hidroklorotiazid - kálium-kimélõ diuretikum kombinációk;1
;AMINOSTERIL N-HEPA 8% OLD INFÚZIÓ;Amino acids;1
;AMINOVEN  5% INFÚZIÓ 500ML;Amino acids;1
;AMINOVEN 10% INFÚZIÓ 500ML;Amino acids;1
;AMINOVEN INFANT 10% OLDATOS INFÚZIÓ 100M;Amino acids;1
;AMPHO-MORONAL SUSP. 50ML 1X; ;1
;ANAEROBIC CULTURE BOTTLE FN (20 TESTS/KIT); ;1
;ANAFRANIL 10MG BEVONT TABLETTA;clomipramin;1
;ANAFRANIL SR 75MG  RETARD TABLETTA;clomipramin;1
;ANAGRELIDE VIPHARM 0,5MG KEM KAPSZULA;Anagrelide;1
;ANGUSTA 25UG TABLETTA;misoprostol;1
;ANORO ELLIPTA 55UG/22UG ADAGOLT INH POR;vilanterol and umeclidinium bromide;1
;ANTACLAST 100MG TABLETTA;cilostazol;1
;ANVILDIS 50MG TABLETTA;Vildagliptin;1
;AP-TEST  10X1; ;1
;APERISAN 200 MG/G SZÁJNYÁLKAHÁRTYÁN ALKALMAZOTT GÉL; ;1
;APIDRA 100E/ML OLD INJEKCIÓ ET TOLLBAN;insulin glulisin;1
;APRANAX 275MG FILMTABLETTA;naproxen;1
;APRANAX 550MG FILMTABLETTA;naproxen;1
;AQUA DESTILLATA KABI OLDÓSZER PARENT KÉS;Oldó- és higítószerek, öblítõ oldatok;1
;AQUA PURIFICATA;;1
;ARBARTAN  50MG FILMTABLETTA;losartan;1
;ARBARTAN 100MG FILMTABLETTA;losartan;1
;ARCOXIA 90MG FILMTABLETTA;Etoricoxib;1
;ARDEANUTRISOL G 40% INF ÜVEG 80ML 20X; ;1
;ARDEAOSMOSOL MA 10% IFS 500ML 1X; ;1
;ARDEAOSMOSOL MA 10% OLD INF 1X  /K; ;1
;ARGENTI NITRAS;;1
;ARGENTI NITRAS / ARGENTUM NITRICUM FUSUM;;1
;ARIPIPRAZOL-TEVA 15MG TABLETTA;aripiprazol;1
;ASA PROT PH 100MG GYNEDV-ELLENÁLLÓ FILMT;acetilszalicilsav;1
;ASTONIN 0,1MG TABLETTA;fludrokortizon;1
;ATARAX  25MG FILMTABLETTA;hydroxyzin;1
;ATORVASTATIN RIVOPHARM / ATORVA-TEVA 80M;Atorvastatin;1
;ATORVASTATIN RIVOPHARM 20MG;Atorvastatin;1
;ATORVASTATIN RIVOPHARM 40MG;Atorvastatin;1
;ATRACURIUM BESILATE KALCEKS 10MG/ML OLD;atracurium;1
;ATROPINI SULFAS;;1
;ATROPINUM SULFURICUM-EGIS 1MG/ML OLD INJ;atropin;1
;ATROVENT N 21UG/ADAG TÚLNY INH OLDAT;ipratropinium-bromid;1
;AUGMENTIN 125MG/31,25MG/5ML POR BELS SZU;amoxicillin - laktamázgátló kombinációk;1
;AUGMENTIN 250MG/62,5MG/5ML POR BELS SZUS;amoxicillin - laktamázgátló kombinációk;1
;AUGMENTIN DUO 400MG/57MG/5ML VEGY GYÜM P;amoxicillin - laktamázgátló kombinációk;1
;AVATAC 500MG FILMTABLETTA;Levofloxacin;1
;AZITHROMYCIN ROMPHARM 500MG POR OLD INFÚ;azitromicin;1
;B.BRAUN CA MENTES BIKARBONAT OLDAT K2 5000ML; ;1
;BACLOFEN-POL 10MG TABLETTA;baclofen;1
;BACLOFEN-POL 25MG TABLETTA;baclofen;1
;BACTROBAN 20MG/G ORRKENÕCS;mupirocin;1
;BALSAMUM PERUVIANUM;;1
;BARNA FOLY.UVEG   10ML.+CSAV.T 1DB; ;1
;BARNA FOLY.UVEG   20ML+CSAV.T 1DB; ;1
;BARNA FOLY.UVEG   30ML.+CSAV.T 1DB; ;1
;BARNA FOLY.UVEG   50ML.+CSAV.T 1DB; ;1
;BARNA FOLY.UVEG  100ML.+CSAV.T 1DB; ;1
;BARNA FOLY.UVEG  150ML.+CSAV.T; ;1
;BARNA FOLY.UVEG  200ML.+CSAV.T 1DB; ;1
;BARNA FOLY.UVEG  250ML.+CSAV.T 1DB; ;1
;BARNA FOLY.UVEG  300ML.+CSAV.T 1DB; ;1
;BARNA FOLY.UVEG  500ML.+CSAV.T 1DB; ;1
;BARNA FOLY.UVEG 1000ML.+CSAV.T 1DB; ;1
;BEBA FM 85 TÁPSZER 200G; ;1
;BEBA KORASZÜLÖTTEKNEK SPEC. GYÓGY. ÉLELM;Egyéb tápszerek;1
;BEBA SUPREMEPRO 1 TEJALAPÚ ANYATEJ-HELY;Csecsemõtápszerek;1
;BELSANOR 10MG FILMTABLETTA;solifenacin;1
;BENFOGAMMA  50MG BEVONT TABLETTA;benfotiamin;1
;BENOXI 0,4% OLDATOS SZEMCSEPP;;1
;BENZINUM;;1
;BENZOCAINUM;;1
;BENZYLIS BENZOAS;;1
;BERES B1 VITAMIN 10MG TABLETTA;tiamin;1
;BERES B6 VITAMIN TABLETTA;piridoxin;1
;BERES CALCIUM 500MG FILMTABLETTA;kalcium-karbonát;1
;BERODUAL INHALÁCIÓS OLDAT; ;1
;BERODUAL N INHALÁCIÓS AEROSZOL; ;1
;BETADINE INTIMA HÜVELYKÚP;polividon-jód komplex;1
;BETAGEN 16MG TABLETTA;betahisztin;1
;BETAGEN 24MG TABLETTA;betahisztin;1
;BETALOC  10MG TABLETTA;metoprolol;1
;BETALOC  50MG TABLETTA;metoprolol;1
;BETALOC ZOK  25MG RETARD TABLETTA / 04;metoprolol;1
;BETALOC ZOK  50MG RETARD TABLETTA;metoprolol;1
;BEWIM 10MG FILMTABLETTA; ;1
;BIHART / SCALIANT  5MG/10MG FILMTABLETTA;perindopril and bisoprolol;1
;BIHART / SCALIANT  5MG/5MG FILMTABLETTA;perindopril and bisoprolol;1
;BIHART / SCALIANT 10MG/10MG FILMTABLETTA;perindopril and bisoprolol;1
;BIORPHEN 0,1 MG/ML OLDATOS INJEKCIÓ VAGY INFÚZIÓ; ;1
;BISMUTHI SUBGALLAS;;1
;BISOPROLOL-RATIOPHARM  5MG TABLETTA;bisoprolol;1
;BITINEX 60MG KEMÉNY KAPSZULA;Atomoxetine;1
;BLEO-CELL 15MG DSS 1PC SDH DE STADA 1X; ;1
;BONOLACT BABY CSEPP 7,5ML 1X; ;1
;BONOLACT PRO+BIOM ÉTREND KIEG. KAPSZ; ;1
;BORAX  / NATRIUM TETRABORICUM;;1
;BOTOX 100 ALLERGAN EGYSÉG POR OLD INJHOZ;Botulinum toxin;1
;BRAUNOL BOR/NYKH. 1000ML.; ;1
;BRAUNOVIDON KENÕCS;polividon-jód komplex;1
;BRETARIS GENUAIR 322UG NHALÁCIÓS POR;Aclidinium bromide;1
;BRICANYL 0,5MG/ML OLDATOS INJEKCIÓ;terbutalin;1
;BRIMICA GENUAIR 340UG/12UG INHAL POR;aklidinium-bromid és formoterol;1
;BRINALDIX 10MG TABLETTA TT;klopamid;1
;BRINALDIX 20MG TABLETTA TT;klopamid;1
;BRINTELLIX 10MG FILMTABLETTA;vortioxetin;1
;BRINTELLIX 20MG FILMTABLETTA;vortioxetin;1
;BRINTELLIX 5MG FILMTABLETTA;vortioxetin;1
;BRIVIACT  50MG FILMTABLETTA;brivaracetam;1
;BRIVIACT 100MG FILMTABLETTA;brivaracetam;1
;BROMOCRIPTIN-RICHTER 2,5MG TABLETTA;bromokriptin;1
;BRULAMYCIN  40MG/ML OLDATOS INJEKCIÓ;tobramicin;1
;BUCAIN 0,5% INJEKCIÓ 20ML;bupivakain;1
;BUCAIN ACTAVIS 5MG/ML HYPERBAR OLDATOS I;bupivakain;1
;BUDENOFALK 3MG GYNEDV-ELL KEM KAPSZULA T;Budesonide;1
;BUSCOPAN 20MG/ML INJ. 1ML 6X; ;1
;BUTYRUM CACAO / THEOBROMATUM OLEUM;;1
;C-VITAMIN BÉRES 100MG/ML BELS OLDATOS CS;aszkorbinsav;1
;CABAZITAXEL ACCORD 20 MG/ML KONC OLDATOS; ;1
;CABAZITAXEL STADA 20MG/ML KONC OLDATOS I; ;1
;CABAZITAXEL TEVA 10MG/ML KONC OLD INF; ;1
;CAELYX PEGYLATED LIPOSOM 2MG/ML KONC OLD;doxorubicin;1
;CAGLUEN 30MG FILMTABLETTA; ;1
;CAGLUEN 60MG FILMTABLETTA; ;1
;CALCIUM FOLINATE KALCEKS 10MG/ML OLD INJ;kalcium-folinát;1
;CALCIUM GLUCONATE HAMELN 95MG/ML OLDA IN;Electrolytes;1
;CALCIUM PHARMAVIT 500MG PEZSGÕTABLETTA;kalcium-karbonát;1
;CALVINIA 10MG SZÁJBAN DISZP TABLETTA;Rizatriptan;1
;CAMPHORA RACEMICA;;1
;CANESTEN 10MG/ML KÜLS OLDAT;klotrimazol;1
;CANESTEN 200MG HÜVELYTABLETTA;klotrimazol;1
;CAPECITABINE ACCORD 500MG FILMTABL / 018;Capecitabine;1
;CARBO ACTIVATUS;;1
;CARBOPLATIN ACCORD 10MG/ML KONC OLD INFÚ;carboplatin;1
;CARDURA 2MG TABLETTA;doxazozin;1
;CARDURA 4MG TABLETTA;doxazozin;1
;CARDURA XL 4MG MÓD HATÓANYAGLEADÁSÚ FILM;doxazozin;1
;CARVOL 12,5MG TABLETTA;carvedilol;1
;CASINEMA 180,8MG/ML/79,9MG/ML VÉGBÉLOLDA;Nátrium-foszfát;1
;CASPOFUNGIN ROMPHARM 50MG POR OLD INFÚZI;caspofungin;1
;CATAFLAM 15MG/ML BELSÕLEGES SZUSZP CSEPP;diclofenac;1
;CATAFLAM-V 50MG TABLETTA;diclofenac;1
;CAVINTON 10MG/2ML INJEKCIÓ;vinpocetin;1
;CAVINTON 5MG TABLETTA;vinpocetin;1
;CAVINTON FORTE TABLETTA;vinpocetin;1
;CEFAZOLIN APTAPHARMA 1G POR OLD INJ V IN;Cefazolin;1
;CEFEPIM APTAPHARMA 2G POR OLD INJ VAGY I;Cefepime;1
;CEFOTAXIM APTAPHARMA 1G POR OLD INJ V IN;cefotaxim;1
;CEFTAZIDIM APTAPHARMA 1G POR OLD INJEKCI;ceftazidim;1
;CEFTAZIDIM APTAPHARMA 2G POR OLD INJEKCI;ceftazidim;1
;CEFTRIAXON APTAPHARMA 1G POR OLD INJ V I;ceftriaxon;1
;CEFTRIAXON APTAPHARMA 2G POR OLD INJ V I;ceftriaxon;1
;CEFUROXIME APTAPHARMA 1500MG POR OLD INJ;cefuroxim;1
;CEFUROXIME APTAPHARMA 750MG POR OLD INJ;cefuroxim;1
;CEFZIL  50MG/ML POR BELSÕLEGES SZUSZPENZ;cefprozil;1
;CEFZIL 500MG FILMTABLETTA;cefprozil;1
;CELESTAN 4MG INJ 5X1ML; ;1
;CERA ALBA;;1
;CERUCAL 10MG TABLETTA;metoklopiramid;1
;CETIRIZIN-EP 10MG FILMTABLETTA;cetirizin;1
;CETRIMIDUM;;1
;CHINOPAMIL 240MG RETARD KEMÉNY KAPSZULA;verapamil;1
;CHINOTAL 100MG OLDATOS INJEKCIÓ;pentoxifyllin;1
;CHLORALI HYDRAS;;1
;CHLORAMPHENICOLUM;;1
;CHLORHEXIDINI DIGLUCONATIS SOLUTIO;;1
;CHLOROFORMIUM;;1
;CHOLESTEROLUM;;1
;CHOLESTYRAMINE SUPREMEX 4G POR BELS SZUS;kolesztiramin gyanta;1
;CICLOPLEGICEDOL 10MG/ML COLÍRIO, SOLUCAO;;1
;CIFRAN 500MG FILMTABLETTA;ciprofloxacin;1
;CILOXAN  3MG/ML OLDATOS SZEM- ÉS FÜLCSEP;Ciprofloxacin;1
;CIPROFLOXACIN-HUMAN 2MG/ML OLD INFÚZIÓ;ciprofloxacin;1
;CIPROFLOXACIN-HUMAN 2MG/ML OLD INFÚZIÓ;ciprofloxacin;1
;CISORDINOL 10MG FILMTABLETTA;Zuclopenthixol;1
;CISORDINOL 25MG FILMTABLETTA;Zuclopenthixol;1
;CISORDINOL DEPOT 200MG/ML OLD INJEKCIÓ;Zuclopenthixol;1
;CISORDINOL-ACUTARD  50MG/ML OLD INJEKCIÓ;Zuclopenthixol;1
;CISPLATIN ACCORD 1MG/ML KONC OLD INFÚZIÓ;ciszplatin;1
;CITALOPRAM-TEVA 20MG FILMTABLETTA;cytalopram;1
;CITRAFLEET POR BELS OLDATHOZ; ;1
;CITRASOL 4% 2 LITER 601023 1X; ;1
;CITRATE DE CAFEINE COOPER 25MG/ML INJ. 2ML 10X; ;1
;CLARISCAN 0,5MMOL/ML OLD INJEKCIÓ;Gadoteric acid;1
;CLEXANE  2000NE/0,2ML  (20MG) INJEKCIÓ F;enoxaparin;1
;CLEXANE  4000NE/0,4ML  (40MG) INJEKCIÓ F;enoxaparin;1
;CLEXANE  6000NE/0,6ML  (60MG) INJEKCIÓ F;enoxaparin;1
;CLEXANE  8000NE/0,8ML  (80MG) INJEKCIÓ F;enoxaparin;1
;CLEXANE 10000NE/1,0ML (100MG) INJEKCIÓ F;enoxaparin;1
;CLINDAMYCIN ANFARM 150MG/ML OLD INJ V IN;klindamicin;1
;CLINDAMYCIN ANFARM 150MG/ML OLD INJ V IN;klindamicin;1
;CLIOQUINOLUM;;1
;CLONIDINA CLORIDATO BION.L.I.M.150MCG/ML INJ 10X1ML; ;1
;CLOPIDEP 75MG FILMTABLETTA;Clopidogrel;1
;CLOZAPINE GEROT 100MG TABLETTA;Clozapine;1
;COBAS B 123 FLUID PACK COOX 700; ;1
;COBAS B 123 SENSOR CART.BG/ISE/GLU/LAC; ;1
;CODEINI PHOSPHAS HEMIHYDRICUS;;1
;CODINEP 20MG TABLETTA;Codein;1
;COFFEINUM;;1
;COFFEINUM NATR BENZ;;1
;COLCHICUM-DISPERT BEVONT TABLETTA;kolchicin;1
;COLOMYCIN  1000000NE POR OLD INJ-,INF V;Colistin;1
;COLOMYCIN  2000000NE POR OLD INJ-,INF V;Colistin;1
;COLTOWAN 10MG TABLETTA;ezetimibe;1
;COMBIGAN 2MG/ML+5MG/ML OLDATOS SZEMCSEPP;timolol kombinációk;1
;CONTRAMAL  50MG KEMÉNY KAPSZULA;tramadol;1
;CONTRAMAL  50MG/ML OLDATOS INJEKCIÓ;tramadol;1
;CONTRAMAL  50MG/ML OLDATOS INJEKCIÓ;tramadol;1
;CONTRAMAL 100MG RETARD FILMTABLETTA;tramadol;1
;CONTRAMAL 100MG/ML BELSÕLEGES OLDATOS CS;tramadol;1
;CONVULEX 100MG/ML OLDATOS INJEKCIÓ;valproinsav;1
;CONVULEX 150MG GYOMORNEDV-ELLENÁLLÓ LÁGY;valproinsav;1
;CONVULEX 500MG GYOMORNEDV-ELLENÁLLÓ LÁGY;valproinsav;1
;CONVULEX 50MG/ML SZIRUP GYERMEKEKNEK;valproinsav;1
;CORDAFLEX 5MG/DÓZIS SZÁJNYÁLKAHÁRTYÁN AL;nifedipin;1
;CORDARONE 200MG TABLETTA;amiodaron;1
;CORDARONE 50MG/ML OLDATOS INJEKCIÓ;amiodaron;1
;CORINFAR 10MG RETARD FILMTABLETTA;nifedipin;1
;CORINFAR 20MG RETARD FILMTABLETTA;nifedipin;1
;CORNEREGEL SZEMGÉL;Dexpanthenol;1
;COROTROPE 1MG/ML OLDATOS INJEKCIÓ;Milrinone;1
;CORTEF 10MG TABLETTA TK:9856/01;hidrokortizon;1
;CORVATON  2MG TABLETTA;molsidomin;1
;CORVATON 8MG RETARD TABLETTA;molsidomin;1
;CORVATON FORTE 4MG TABLETTA;molsidomin;1
;CORYOL  6,25MG TABL;carvedilol;1
;CORYOL 25MG TABL;carvedilol;1
;COSIM 100MG FILMTABLETTA; ;1
;COTRIM RATIOPHARM INJ. SF 480MG/5ML 5X; ;1
;COVERCARD  3,5MG/2,5MG TABLETTA; ;1
;COVERCARD  5MG/10MG TABLETTA; ;1
;COVEREX-AS 2,5MG FILMTABLETTA;perindopril;1
;CRALEX 125MG TABLETTA;aktiv szén;1
;CREMOR AQUOSUS SINE AETHEROLEO CITRI; ;1
;CREMOR REFRIGERANS; ;1
;CUBITAN CSOKOLÁDÉ ÍZÜ SPEC. GYÓGY. ÉLELM;Egyéb tápszerek;1
;CUBITAN EPER ÍZÜ SPEC. GYÓGY. ÉLELM.;Egyéb tápszerek;1
;CUBITAN VANÍLIA ÍZÜ SPEC. GYÓGY. ÉLELM.;Egyéb tápszerek;1
;CURASEPT PARODONTÁLIS GÉL 30ML 1X; ;1
;CURIOSA SEBKEZELÕ GÉL 30G; ;1
;CUROSURF 80MG/ML ENDOTRACHEOPULM CSEPEGT;természetes foszfolipidek;1
;CUROSURF 80MG/ML ENDOTRACHEOPULM CSEPEGT;természetes foszfolipidek;1
;CUSIMOLOL 5MG/ML OLDATOS SZEMCSEPP;timolol;1
;DACARBAZINE LIPOMED  200MG POR OLD INJ V;dacarbazin;1
;DALACIN 150MG KEMÉNY KAPSZULA;klindamicin;1
;DALACIN 300MG KEMÉNY KAPSZULA;klindamicin;1
;DAUNOBLASTINA 20MG POR+OSZ OLD INJEKCIÓH;Daunorubicin;1
;DAVERCIN 250MG BEVONT TABLETTA; ;1
;DEKAPHAN LEUCO 50X; ;1
;DELIPID PLUS 10MG/10MG KEM KAPSZULA;ezetimib és roszuvasztatin;1
;DELIPID PLUS 20MG/10MG KEM KAPSZULA;ezetimib és roszuvasztatin;1
;DELIPID PLUS 40MG/10MG KEM KAPSZULA;ezetimib és roszuvasztatin;1
;DEPAKINE CHRONO 300MG RETARD FILMTABLETT;valproinsav;1
;DEPAKINE CHRONO 500MG RETARD FILMTABLETT;valproinsav;1
;DEPO-MEDROL 40MG/ML INJEKCIÓ;metilprednizolon;1
;DEPO-PROVERA 150MG/ML SZUSZPENZIÓS INJEK;Medroxyprogesterone;1
;DEXAMETAZON HAMELN 4MG/ML OLD INJ;dexametazon;1
;DEXAMETHASONE KRKA  8MG TABLETTA;dexametazon;1
;DEXAMETHASONE KRKA 20MG TABLETTA;dexametazon;1
;DEXAMETHASONE KRKA 4MG TABLETTA;dexametazon;1
;DEXASON 4MG/ML OLDATOS INJEKCIÓ;dexametazon;1
;DEXMEDETOMIDINE KALCEKS 100UG/ML KONC OL;Dexmedetomidin;1
;DEXTROSE VIOSER 10% SOL INF 100ML 1X; ;1
;DEXTROSE VIOSER 5% SOL INF 100ML 1X; ;1
;DIAPHYLLIN VENOSUM 48MG/ML OLDATOS INJEK;aminofillin;1
;DIAPREL MR 60MG MÓD HATÓANYAGLEADÁSÚ TAB;gliklazid;1
;DIAZEPAM DESITIN  5MG VÉGBÉLOLDAT;Diazepam;1
;DIAZEPAM DESITIN 10MG VÉGBÉLOLDAT;Diazepam;1
;DIBEN DRINK CAPPUCCINO ÍZÛ SPEC. GYÓGY.;Egyéb tápszerek;1
;DICETEL FILMTABLETTA;pinaverin;1
;DICLOFENAC DUO PHARMAVIT 75MG KEM KAPSZU;diclofenac;1
;DICLOFENAC-RATIOPHARM  50MG FILMTABLETTA;diclofenac;1
;DICYNONE 125MG/ML OLDATOS INJEKCIÓ;etamsilát;1
;DICYNONE 250MG TABLETTA;etamsilát;1
;DIFLUCAN 150MG KEMÉNY KAPSZULA;flukonazol;1
;DIGITOXIN AWD 0,07MG TABL 100X; ;1
;DIGOXIN SOPHARMA 0,25MG/ML OLD INJEKCIÓ;digoxin;1
;DIGOXIN-RICHTER 250 UG TABLETTA;digoxin;1
;DILAPAN-S  M   10X; ;1
;DILUENDUM MENTHAE 1G; ;1
;DIMETHYLIS SULFOXIDUM;;1
;DINATRII PHOSPHAS DODECAHYDRICUS;;1
;DINOX ORVOSI LINDEPALACK 7,5 KG; ;1
;DIOVAN  80MG FILMTABLETTA;Valsartan;1
;DIOVAN 160MG FILMTABLETTA;Valsartan;1
;DIOVAN HCT  80/12,5MG FILMTABLETTA;Valsartan and diuretics;1
;DIOVAN HCT 160/12,5MG FILMTABLETTA;Valsartan and diuretics;1
;DIOVAN HCT 160/25MG FILMTABLETTA;Valsartan and diuretics;1
;DIPEPTIVEN KONCENTRÁTUM INFÚZIÓHOZ 100 ML;Alanyl glutamine;1
;DIPEPTIVEN KONCENTRÁTUM INFÚZIÓHOZ 50ML;Alanyl glutamine;1
;DIPHEDAN TABLETTA;fenitoin;1
;DIPROPHOS INJEKCIÓ;betametazon;1
;DIPROSALIC KENÕCS;betametazon;1
;DITHRANOLUM;;1
;DITROPAN TABLETTA;oxybutynin;1
;DIVASCAN 2,5MG TABLETTA;iprazochrom;1
;DOBUTAMIN HAMELN 5MG/ML OLDATOS INFÚZIÓ;dobutamin;1
;DOCETAXEL ACCORD 160MG/8ML KONC+OLD INF-;decotaxel;1
;DOCETAXEL SEACROSS 20MG/ML KONC OLD INF;decotaxel;1
;DOLFORIN  25UG/ÓRA TRANSZDERMÁLIS TAPASZ;Fentanyl;1
;DOLFORIN  50UG/ÓRA TRANSZDERMÁLIS TAPASZ;Fentanyl;1
;DOLFORIN  75UG/ÓRA TRANSZDERMÁLIS TAPASZ;Fentanyl;1
;DOLFORIN 100UG/ÓRA TRANSZDERMÁLIS TAPASZ;Fentanyl;1
;DOLOWILL BABY 100MG/5ML BELS SZUSZP;ibuprofen;1
;DOLOWILL DUO 200MG/500MG FILMTABL;Ibuprofen, combinations;1
;DOLOWILL RAPID 342MG FILMTABLETTA;ibuprofen;1
;DOMPERIDON-EP 10MG TABL;domperidon;1
;DONEFIEN  5MG FILMTABLETTA;Donepezil;1
;DOPAMIN FRESENIUS 50MG/5ML KONC.OLD.INF. 10X5ML; ;1
;DOPEGYT 250MG TABLETTA;metildopa;1
;DORZOLEP 20MG/ML OLDATOS SZEMCSEPP;dorzolamid;1
;DORZOLEP KOMB OLDATOS SZEMCSEPP;timolol kombinációk;1
;DOXIUM 250MG TABLETTA;kalcium-dobezilát;1
;DOXORUBICIN-TEVA 2MG/ML OLD INJEKCIÓ;doxorubicin;1
;DOXYCYCLIN AL 200MG KEM KAPSZULA;doxiciklin;1
;DUCILTIA 30MG GYNEDV-ELL KEMÉNY KAPSZ;duloxetin;1
;DUCILTIA 60MG GYNEDV-ELL KEMÉNY KAPSZ;duloxetin;1
;DULCOLAX 5MG GYNEDV-ELL BEV TABL;Bisacodyl;1
;DULCOSOFT BELS. OLDAT 250ML 1X; ;1
;DUOXAL 3MG/ML+0,25MG/ML OLD FÜLCSEPP;Fluocinolon acetonid és fertõzés elleni szerek;1
;EBRANTIL 30MG RETARD KAPSZULA;urapidil;1
;EBRANTIL 60MG RETARD KAPSZULA;urapidil;1
;EBRIMYCIN GÉL;primycin sulfate+;1
;ECA-TEST  10X1; ;1
;ECOTAINER AQUA B. BRAUN 1000ML; ;1
;ECOTAINER NACL 0,9% B.BRAUN     500 ML; ;1
;ECUGRA 90MG FILMTABLETTA / 05; ;1
;EDNYT  5MG TABLETTA;enalapril;1
;EDNYT 10MG TABLETTA;enalapril;1
;EDNYT 20MG TABLETTA;enalapril;1
;EDNYT HCT 20/12,5MG TABLETTA;enalapril - diuretikum kombinációk;1
;EDOXABAN ZENTIVA 30MG FILMTABLETTA; ;1
;EDOXABAN ZENTIVA 60MG FILMTABLETTA; ;1
;EFFLUMIDEX LIQUIFILM 1MG/ML SZUSZP SZEMC;fluorometholon;1
;EGIRAMLON  5MG/ 5MG KEMÉNY KAPSZULA; ;1
;EGIRAMLON  5MG/10MG KEMÉNY KAPSZULA; ;1
;EGIRAMLON 10MG/ 5MG KEMÉNY KAPSZULA; ;1
;EGIRAMLON 10MG/10MG KEMÉNY KAPSZULA; ;1
;EMB-FATOL 500MG FILMTABL 100X; ;1
;EMBESYN 40NE/2ML KONC OLDATOS INFÚZIÓHOZ;Vasopressin;1
;EMETRON 8MG FILMTABLETTA;ondansentron;1
;EMSELEX  7,5MG RETARD TABLETTA / 017;darifenacin;1
;ENAP  1,25MG/ML OLDATOS INJEKCIÓ;enalapril;1
;ENDOXAN 1G POR OLDATOS INJEKCIÓHOZ;ciklofoszfamid;1
;ENDOXAN 500MG POR OLDATOS INJEKCIÓHOZ;ciklofoszfamid;1
;ENDOXAN BEVONT TABLETTA;ciklofoszfamid;1
;ENERZAIR BREEZHALER 114UG/46UG/136UG INH;indakaterol, glikopirrónium-bromid és mometazon;1
;ENGERIX-B SZUSZP INJEKCIÓ FELNOTT ETF;Hepatitis B, purified antigen;1
;ENTRESTO 24MG/26MG FILMTABLETTA;valsartan and sacubitril;1
;ENTRESTO 49MG/51MG FILMTABLETTA;valsartan and sacubitril;1
;EONIC 10MG FILMTABLETTA;Montelukast;1
;EPANUTIN 250MG OLDATOS NJEKCIÓ;fenitoin;1
;EPHEDRINE SINTETICA 10MG/ML OLD INJEKCIÓ;ephedrine;1
;EPHEDRINI RACEMICI HYDROCHLORIDUM;;1
;EPICUTAN MAGYAR STANDARD SOR 35X; ;1
;EPIRUBICIN-TEVA 2MG/ML OLD INJ VAGY INF;epirubicin;1
;EPIRUBICIN-TEVA 2MG/ML OLD INJ VAGY INF;epirubicin;1
;EPLEZOT / EPLERENONE MYLAN 25MG FILMTABL;Eplerenon;1
;EPLEZOT / EPLERENONE MYLAN 50MG FILMTABL;Eplerenon;1
;EPTIFIBATIDE ACCORD 0,75MG/ML OLD INFÚZI;Eptifibatide;1
;EPTIFIBATIDE ACCORD 2MG/ML OLD INJEKCIÓ;Eptifibatide;1
;ERGAM 600MCG/ML BELS OLD CSEPPEK;ergot alkaloidok;1
;ERIMEXOL 0,26MG RETARD TABLETTA;Pramipexole;1
;ERYTHROMYCIN PANPHARMA 1G INF. 10X; ;1
;ESCITALOPRAM ACTAVIS 10MG FILMTABL / 03;escitalopram;1
;ESCITALOPRAM-TEVA 20MG FILMTABL;escitalopram;1
;ESKETAMIN SINTETICA 25MG/ML INJ. 10X2ML; ;1
;ESLICARBAZEPINE MEDITOP 800MG TABL; ;1
;ESOMEPRAZOL ACTAVIS 40MG GYNEDV-ELL TBL;Esomeprazole;1
;ESPUMISAN  40MG/ML BELS EMULZIÓS CSEPPEK;Silicones;1
;ESPUMISAN 100MG/ML BELS EMULZIÓS CSEPPEK;Silicones;1
;ESPUMISAN GYÖNGY KAPSZULA;Silicones;1
;ETHANOLUM (96 PER CENTUM) /ALCOHOL 96%;;1
;ETHYLMORPHINI HYDROCHLORID / AETHYLMORPH;;1
;ETOMIDAT-LIPURO 2MG/ML EMULZIÓS INJEKCIÓ;Etomidate;1
;ETOPOSID SANDOZ 20MG/ML KONC OLDATOS INF;etoposid;1
;EUCALYPTI AETHEROL /AETHEROL EUCALYPTI;;1
;EUNOCTIN 10MG TABLETTA;nitrazepám;1
;EUROVIT D-VITAMIN 20000NE/ML BELS OLD CS;kolekalciferol;1
;EX-TEST  10X1; ;1
;EXACYL FILMTABLETTA;tranexámsav;1
;EXPLEMED 10MG TABLETTA;aripiprazol;1
;EXPLEMED 15MG TABLETTA;aripiprazol;1
;EXPLEMED 30MG TABLETTA;aripiprazol;1
;EZETIMIB-TEVA 10MG TABLETTA;ezetimibe;1
;FASTURTEC 1,5MG/ML INJEKCIÓ  INFÚZIÓHOZ;rasburicas;1
;FAXIPROL  75MG RETARD TABLETTA;Venlafaxine;1
;FAXIPROL 150MG RETARD TABLETTA;Venlafaxine;1
;FEBUXOSTAT STADA  80MG FILMTABLETTA;febuxostat;1
;FELODIPIN-RATIOPHARM  5MG RETARD FILMTAB;felodipin;1
;FENEFRIN 100MG/ML OLDATOS SZEMCSEPP 10ML; ;1
;FENISTIL 1MG/G GÉL;dimethinden;1
;FENISTIL JUNIOR 1MG/ML BELS OLDATOS CSEP;dimetindén;1
;FENOLVÖRÖS INDIKÁTOR 1G (REANAL); ;1
;FENTANYL KALCEKS 50UG/ML OLDATOS INJEKCI;fentanil;1
;FENTANYL KALCEKS 50UG/ML OLDATOS INJEKCI;fentanil;1
;FERRETAB KEMÉNY KAPSZULA;Vas(II)-fumarát;1
;FERRLECIT 12,5MG/ML OLDATOS INJEKCIÓ;Fe(III) parenterális készítményei;1
;FIB-TEST  10X1; ;1
;FLAMBORIN 500MG/ML BELS OLD CSEPPEK;metamizol-nátrium;1
;FLECTOR 10MG/G GÉL;diclofenac;1
;FLIXOTIDE 125 EVOHALER INHALÁCIÓS AEROSZ;fluticason;1
;FLOXAL 3MG/ML OLDATOS SZEMCSEPP; ;1
;FLOXAL 3MG/ML SZEMKENÕCS; ;1
;FLOXET 20MG KEMÉNY KAPSZULA;fluoxetin;1
;FLUCINAR   KENÕCS;flucinolon-acetonid;1
;FLUCLOXACILLIN CF 1G INJ. 25X; ;1
;FLUCONAZOLE KABI 2MG/ML OLD INFÚZIÓ;flukonazol;1
;FLUDARA 50MG POR OLD INJHOZ VAGY OLD INF;Fludarabine;1
;FLUIMUCIL ANTIDOTE 20% KONCENTRÁTUM INFÚ;Acetylcysteine;1
;FLUIMUCIL JUNIOR 100MG GRANULÁTUM;acetil-cisztein;1
;FLUIMUCIL MUCOLITICUM 100MG/ML OLD INJEK;acetil-cisztein;1
;FLUMAZENIL PHARMASELECT 0,1MG/ML OLD INJ;flumazenil;1
;FLUOROURACIL ACCORD 50MG/ML OLD INJ V IN;fluorouracil;1
;FOLSAV 3MG TABLETTA;folsav;1
;FOMICYT 40MG/ML POR OLDATOS INFÚZIÓHOZ;phosphomycin;1
;FORMALDEHID 8% PUFFEROLT; ;1
;FORMALDEHYDI SOLUTIO (35 PER CENTUM);;1
;FORTIMEL DIACARE CSOKOLÁDÉ ÍZÛ SPEC. GYÓ;Egyéb tápszerek;1
;FORTIMEL DIACARE EPER ÍZÛ SPEC. GYÓGY. É;Egyéb tápszerek;1
;FORTIMEL DIACARE VANÍLIA ÍZÛ SPEC. GYÓGY;Egyéb tápszerek;1
;FORXIGA 10MG FILMTABLETTA;dapagliflozin;1
;FOSTER 100UG/6UG TÚLNYOMÁSOS INHAL OLD;formoterol and beclometasone;1
;FOSTER 200UG/6UG TÚLNYOMÁSOS INHAL OLD /;formoterol and beclometasone;1
;FOSTER NEXTHALER 100UG/6UG/ADAG INH POR;formoterol and beclometasone;1
;FRAXIPARINE  2850NE/0,3ML OLD INJEKCIÓ E;nadroparin;1
;FRAXIPARINE  3800NE/0,4ML OLD INJEKCIÓ E;nadroparin;1
;FRAXIPARINE  5700NE/0,6ML OLD INJEKCIÓ E;nadroparin;1
;FRAXIPARINE  7600NE/0,8ML OLD INJEKCIÓ E;nadroparin;1
;FRESUBIN 2KCAL DRINK KARAMELL ÍZÛ SPEC.;Egyéb tápszerek;1
;FRESUBIN 2KCAL FIBRE DRINK CSOK ÍZÛ SPEC;Egyéb tápszerek;1
;FRESUBIN 2KCAL HP FIBRE SPEC. GYÓGY. ÉLE;Egyéb tápszerek;1
;FRESUBIN DB CRÉME E SZAMÓCA ÍZÛ KRÉM SPE;Egyéb tápszerek;1
;FRESUBIN DB CRÉME VANÍLIA ÍZÛ KRÉM SPEC.;Egyéb tápszerek;1
;FRESUBIN HEPA DRINK CAPPUCCINO ÍZÛ SPEC.;Egyéb tápszerek;1
;FRISIUM 10MG TABLETTA;clobazam;1
;FRONTIN 0,25MG TABLETTA;alprazolam;1
;FRONTIN 0,25MG TABLETTA;alprazolam;1
;FRONTIN 0,5MG TABLETTA;alprazolam;1
;FRONTIN 0,5MG TABLETTA;alprazolam;1
;FRONTIN 1MG TABLETTA;alprazolam;1
;FTOROCORT 1 MG/G KENÕCS;triamcinolon;1
;FUCICORT KRÉM;Betamethasone and antibiotics;1
;FUCIDIN 20MG/G KRÉM;Fusidic acid;1
;FURON  40MG TABLETTA;furoszemid;1
;FUROSEMID AL 500 TABLETTA;furoszemid;1
;FUROSEMID-CHINOIN 40MG TABLETTA;furoszemid;1
;FUROSEMID-CHINOIN OLDATOS INJEKCIÓ;furoszemid;1
;GADOVIST 1,0MMOL/ML OLDATOS INJEKCIÓ  15;gadobutrol;1
;GELOPLASMA OLDATOS INFÚZIÓ;Plazmapótlók és plazmaprotein frakciók;1
;GEMCITABIN KABI 38MG/ML KONC OLD INF;gemcitabin;1
;GENTAMICIN SANDOZ 80MG OLDATOS INJEKCIÓ;gentamicin;1
;GENTAMICIN-WAGNER 1MG/G KENÕCS;gentamicin;1
;GEROLAMIC  50MG RÁGÓTABL/DISZPERGÁLÓDÓ T;lamotrigin;1
;GLICERINES KÚP 1G GYERMEKEKNEK DR.MÜLLER PHARMA 12X; ;1
;GLICERINES KÚP 2,2G DR.MÜLLER PHARMA 12X FELNÕTTEKNEK ÉS 12ÉVES KOR FELETTI GYERMEKEKNEK; ;1
;GLICEROLO CON SODIO CLORURO 10% 500ML 1X; ;1
;GLICLADA 60MG MÓD HATÓANYAGLEADÁSÚ TABL;gliklazid;1
;GLIMEPIRID-ZENTIVA 2MG TABLETTA;Glimepiride;1
;GLUCA GEN 1MG HYPOKIT POR+OLD INJEKCIÓHO;glukagon;1
;GLUCOSE B.BRAUN 50MG/ML OLD INFÚZIÓ;szénhidrátok (infúziók, injekciók);1
;GLUCOSUM ANHYDRICUM;;1
;GLUCOSUM PANNONPHARMA 40% OLDATOS INJEKC;szénhidrátok (infúziók, injekciók);1
;GLURENORM 30MG TABLETTA;gliquidon;1
;GLYCEROLUM 85 PER CENTUM;;1
;GLYPRESSIN 0,85MG OLDATOS INJEKCIÓ;Terlipressin;1
;GORDIUS 300MG KEMÉNY KAPSZULA;gabapentin;1
;GORDIUS 400MG KEMÉNY KAPSZULA;gabapentin;1
;GRANDAXIN 50MG TABLETTA;tofisopam;1
;GYULLADÁS- ÉS FÁJDALOMCSILLAPÍTÓ KENÕCS 26,8 G; ;1
;HAEMOCOMPLETTAN P 20MG/ML POR OLD INJ. 1G;Human fibrinogen;1
;HAEMOCOMPLETTAN P 20MG/ML POR OLD INJ. 2G;Human fibrinogen;1
;HALIDOR 100MG TABLETTA;benciklán;1
;HALOPERIDOL SOPHARMA 5MG/ML 10X  /K; ;1
;HALOPERIDOL-RATIOPHARM 5MG/1ML INJ; ;1
;HALOPERIDOL-RICHTER 1,5MG TABLETTA;haloperidol;1
;HALOPERIDOL-RICHTER 2MG/ML BELS OLD CSEP;haloperidol;1
;HALOPERIDOL-RICHTER 5MG/ML OLDATOS INJEK;haloperidol;1
;HELEX SR  0.5MG RETARD TABLETTA;alprazolam;1
;HELEX SR 1MG RETARD TABLETTA;alprazolam;1
;HELIANTHI ANNUI OLEUM RAFFINATUM;;1
;HEMORID VÉGBÉLKENÕCS;prokain;1
;HEPARIBENE NA 25000NE OLD INJEKCIÓ;heparin;1
;HI-TEST  10X1; ;1
;HINTÕPOR ÁPOLÁSHOZ 1G; ;1
;HOLOXAN 1G POR OLD INJEKCIÓHOZ;ifoszfamid;1
;HOLOXAN 2G POR OLD INJEKCIÓHOZ;ifoszfamid;1
;HOLOXAN 500MG POR OLD INJEKCIÓHOZ;ifoszfamid;1
;HUMA-ZOLAMIDE 250MG TABLETTA;acetazolamid;1
;HUMALOG 100E/ML OLD INJEKCIÓ PATRONBAN;lispro inzulin;1
;HUMAN ALB BIOTEST 20%-OS ELEKTRSZEGÉNY O;albumin;1
;HUMULIN M3 (30/70) 100NE/ML SZUSZP INJ P;humán inzulin;1
;HUMULIN N 100NE/ML SZUSZPENZIÓS INJEKCIÓ;humán inzulin;1
;HUMULIN R 100NE/ML OLDATOS INJEKCIÓ PATR;humán inzulin;1
;HYDROGELUM METHYLCELLULOSI; ;1
;HYDROGENII PEROXIDUM 30%;;1
;HYDROGENII PEROXIDUM DILUTUM 3%; ;1
;HYDROXYCARBAMIDE PHARMACENTER 500MG KEM;hidroxikarbamid;1
;HYDROXYETHYLCELLULOSUM;;1
;HYPOTHIAZID  25MG TABLETTA;hidroklorotiazid;1
;HÁMOSÍTÓ KENÕCS; ;1
;IBUMAX 200MG FILMTABLETTA;ibuprofen;1
;IBUPROFEN B. BRAUN 600MG OLDATOS INFÚZIÓ;ibuprofen;1
;IDEÁL TESZT 50DB/DOBOZ; ;1
;IMIPENEM/CILASTATIN APTAPHARMA 500/500MG;imipenem - enzimgátló kombinációk;1
;IMURAN 25MG FILMTABLETTA;azathioprim;1
;IMURAN 50MG FILMTABLETTA;azathioprim;1
;IN-TEST  10X1; ;1
;INCRUSE ELLIPTA 55UG ADAGOLT INH POR;umeclidinium bromide;1
;INDOCOLLYRE 1MG/ML OLDATOS SZEMCSEPP;Indometacin;1
;INDOMETACINOS KENÕCS 1G; ;1
;INDOMETACINUM;;1
;INJEKCIÓHOZ VALÓ VÍZ B. BRAUN;Oldó- és higítószerek, öblítõ oldatok;1
;INTRATECT  100G/L OLDATOS INFÚZIÓ;Immunoglobulins, normal human, for intravascular adm.;1
;INVEGA 6MG RETARD TABLETTA / 006 TT;paliperidon;1
;IODUM;;1
;IOMERON 300MG I/ML OLDATOS INJEKCIÓ;Iomeprol;1
;IOMERON 400MG I/ML OLDATOS INJEKCIÓ;Iomeprol;1
;IRBESARTAN HCT SANDOZ 300MG/25MG FTBL;Irbesartan and diuretics;1
;IRBESARTAN HCT ZENTIVA 150/12,5MG FTBL;Irbesartan and diuretics;1
;IRBESARTAN HCT ZENTIVA 300/12,5MG FTBL;Irbesartan and diuretics;1
;IRBESARTAN HCT ZENTIVA 300/25MG FTBL;Irbesartan and diuretics;1
;IRBESARTAN TEVA 150MG FILMTABLETTA;Irbesartan;1
;IRBESARTAN TEVA 300MG FILMTABLETTA;Irbesartan;1
;IRINOTECAN KABI 20MG/ML KONC OLD INFHOZ;irinotecan;1
;ISOLYTE OLDATOS INFÚZIÓ;Electrolytes;1
;ISOLYTE OLDATOS INFÚZIÓ;Electrolytes;1
;ISONICID 100MG TABLETTA;izoniazid;1
;ISOPRINOSINE 500MG TABLETTA;inosin pranobex;1
;ISOPTIN 120MG RETARD FILMTABLETTA;verapamil;1
;ISTURISA 1MG FILMTABLETTA;oszilodrosztát;1
;ITOPRIDE SUPREMEX 50MG FILMTABLETTA;itopride;1
;JALOSOME  SOOTHING GÉL 4X10ML; ;1
;JALOSOME HYDRATING CREAM 100ML; ;1
;JALOSOME ORAL BARRIER GEL 10ML; ;1
;JARDIANCE 10MG FILMTABLETTA;empagliflozin;1
;JECORIS ASELLI OLEUM A;;1
;JUTAVIT C-VITAMIN 1000MG BASIC ÉTKI; ;1
;JUZINA 100MG FILMTABLETTA;sitagliptine;1
;KABI GLUTAMINE SPEC. GYÓGY. ÉLELM.;Egyéb tápszerek;1
;KALDYUM 600MG RETARD KAPSZULA;kálium-klorid;1
;KALII CHLORIDUM;;1
;KALII HYDROGENOTARTRAS;;1
;KALII IODIDUM;;1
;KALIUM CHLORAT 10% 'PM' KONC OLD INFÚZIÓ;Potassium chloride;1
;KALIUM CHLORAT 10% 'PM' KONC OLD INFÚZIÓ;Potassium chloride;1
;KALIUM HYDROXYDATUM 20%; ;1
;KALIUM-DIHIDROGÉN-FOSZFÁT,REAGENT GRADE 1G; ;1
;KALIUM-R TABLETTA;kálium-klorid;1
;KALIUMCHLORID B.BRAUN 7,45% KONC OLD INF;Potassium chloride;1
;KALMOPYRIN 500MG TABLETTA;acetilszalicilsav;1
;KANAVIT 10MG/ML OLDATOS INJEKCIÓ 1ML; ;1
;KAOLINUM PONDEROSUM / BOLUS ALBA;;1
;KARBIS  8MG TABLETTA;Candesartan;1
;KASIROZOTT ALUFOLIA 50X50 1DB; ;1
;KASIROZOTT ALUFOLIA 60X60 1X; ;1
;KENALOG 40MG SZUSZPENZIÓS INJEKCIÓ;triamcinolon;1
;KENÕCSTÉGELY  100G; ;1
;KENÕCSTÉGELY  150G; ;1
;KENÕCSTÉGELY  300G; ;1
;KENÕCSTÉGELY  500G; ;1
;KEPPRA 100MG/ML BELS OLD+10ML FECSK;levetirocetam;1
;KETILEPT  25MG FILMTABLETTA;Quetiapine;1
;KETILEPT 150MG FILMTABLETTA;Quetiapine;1
;KETOSTERIL FILMTABLETTA;Aminosavak;1
;KEVERT POPSIKENÕCS; ;1
;KEVERT POR; ;1
;KLABAX 500MG FILMTABLETTA;klaritromicin;1
;KLACID 125MG/5ML GRAN 100ML BELS SZUSZPH;klaritromicin;1
;KLACID 250MG FILMTABLETTA;klaritromicin;1
;KLACID 250MG/5ML GRAN 70ML BELS SZUSZPHO;klaritromicin;1
;KLACID 50MG/ML POR OLDATOS INFÚZIÓHOZ;klaritromicin;1
;KLION 250MG TABLETTA;metronidazol;1
;KLION-D 100 HUVELYTABLETTA;imidazol származékok kombinációi;1
;KONAKION MM LÖSUNG 2MG /K;phytomenadion;1
;KREON 10 000 EGYS GYNEDV-ELLENÁLLÓ KEM K;multienzim kész.(lipáz, proteáz, stb.);1
;KVENTIAX 100MG FILMTABLETTA;Quetiapine;1
;KÉZKRÉM 1G; ;1
;L-THYROXIN HENNING  50UG TABLETTA;levotiroxin-nátrium;1
;L-THYROXIN HENNING 100UG TABLETTA;levotiroxin-nátrium;1
;LACIPIL 4MG FILMTABLETTA;lacidipin;1
;LACTAT PRO TESZTCSIK 25DB (27% ÁFA); ;1
;LACTOSUM MONOHYDRICUM;;1
;LAEVOLAC SZIRUP;laktulóz;1
;LAMOLEP  25MG TABLETTA;lamotrigin;1
;LAMOLEP  50MG TABLETTA;lamotrigin;1
;LAMOLEP 100MG TABLETTA;lamotrigin;1
;LANALCOLUM;;1
;LANTUS SOLOSTAR 100E/ML OLD INJ ET INJ T;insulin glargine;1
;LARESIN 10MG FILMTABLETTA;Olmesartan medoxomil;1
;LATICORT 0,1 %  KENÕCS;hidrokortizon-butirát;1
;LAVANID 1000ML RINGER SEBOLDAT 1X; ;1
;LAVANID 250ML RINGER SEBOLDAT; ;1
;LAVANID 40G SEBGÉL 1X; ;1
;LECALPIN 10MG FILMTABLETTA / 13;Lercanidipine;1
;LECALPIN 20MG FILMTABLETTA / 18;Lercanidipine;1
;LEGALON  70MG KEMÉNY KAPSZULA;silymarin;1
;LEGALON SIL 10MG/ML POR OLD INJEKCIÓHOZ;silymarin;1
;LEPONEX  25MG TABLETTA / 04;Clozapine;1
;LEPONEX 100MG TABLETTA / 03;Clozapine;1
;LESCOL XL 80MG RETARD FILMTABLETTA;fluvastatin;1
;LETROX  75UG TABLETTA;levotiroxin-nátrium;1
;LEVIL  500MG FILMTABLETTA;levetirocetam;1
;LEVODOP/CARBIDOP/ENTACAPONE TEVA 150/37,5/200MG;levodopa, decarboxylase inhibitor és comt inhibítor;1
;LEVOFLOXACIN KABI 5MG/ML OLDATOS INFÚZIÓ;Levofloxacin;1
;LEVOMENTHOLUM;;1
;LEVOSIMENDAN STADA 2,5 MG/ML KONC OLD INF;Levosimendan;1
;LI-PRI 25MG/G+25MG/G KRÉM;Kombinációk;1
;LIDOCAIN EGIS 50MG/G KENÕCS;lidokain;1
;LIDOCAIN-ADRENALIN 20MG/0,01MG/ML OLD IN;lidokain kombinációk;1
;LIDOCAIN-ADRENALIN 20MG/0,01MG/ML OLD IN;lidokain kombinációk;1
;LIDOCAIN-EGIS KÜLSÕLEGES OLDATOS SPRAY;lidokain;1
;LIDOCAIN-HUMAN 10MG/ML OLD INJEKCIÓ;lidokain;1
;LIDOCAIN-HUMAN 20MG/ML OLD INJEKCIÓ;lidokain;1
;LIDOCAIN-HUMAN 20MG/ML OLD INJEKCIÓ;lidokain;1
;LIDOCAINI HYDROCHLORIDUM 1G; ;1
;LIDOCAINUM;;1
;LIMONIS AETHEROL / AETHEROLEUM CITRI;;1
;LINESAN 2MG/ML OLDATOS INFÚZIÓ;Linezolid;1
;LIPIDIL 267MG KEM KAPSZULA;fenofibrát;1
;LIPIDIL SUPRA 160MG FILMTABLETTA;fenofibrát;1
;LISIDIPIN 10MG/5MG TABLETTA; ;1
;LISIDIPIN 20MG/10MG TABLETTA; ;1
;LISIDIPIN 20MG/5 MG TABLETTA; ;1
;LISOPRESS  5MG TABLETTA;lisinopril;1
;LISOPRESS 10MG TABLETTA;lisinopril;1
;LISOPRESS 20MG TABLETTA;lisinopril;1
;LITAK 2MG/ML OLDATOS INJEKCIÓ;Cladribin;1
;LITICARB 500MG TABLETTA;Lithium;1
;LIVOPAN 50%/50% TÚLNYOMÁSOS ORVOSI GÁZ;Nitrogén-oxid, kombinációk;1
;LOKREN 20MG FILMTABLETTA;betaxolol;1
;LOLISEPT 1,5MG/ML SZÁJNY. ALK. SPRAY 30ML; ;1
;LONAMO DUO 50MG/1000 MG FILMTABLETTA;metformin és sitagliptin;1
;LORANXIL 1MG FILMTABLETTA;Lorazepam;1
;LUCETAM  200MG/ML OLD INJEKCIÓ;piracetam;1
;LUDEA 20MG GYOMORNEDV-ELLENÁLLÓ KEMÉNY K;omeprazol;1
;LURECINE / MILAPUR 100MG TABLETTA;allopurinol;1
;LURECINE / MILAPUR 300MG TABLETTA;allopurinol;1
;LYRICA 75MG KEMÉNY KAPSZULA;pregabalin;1
;LYSTHENON 2% INJ. 5ML 100X; ;1
;LYXIO 200MG POR BELS OLDATHOZ;acetil-cisztein;1
;MACROGOLA (4000-ES TÍPUS);;1
;MADOPAR 100MG/25MG DISZPERGÁLÓDÓ TABLETT;levodopa - dekarboxiláz-inhibitor kombinációk;1
;MADOPAR 200MG/50MG TABLETTA;levodopa - dekarboxiláz-inhibitor kombinációk;1
;MAGNESII CITRICI PARMA 500MG TABLETTA;Magnesium citrate;1
;MAGNESII SUBCARBONAS LEVIS;;1
;MAGNESIUM SULFURICUM PM INJ 1G/10ML;magnézium-szulfát;1
;MALARONE 250MG/100MG FILMTABLETTA;Proguanil, combinations;1
;MALTOFER  50MG/ML BELSÕLEGES OLD CSEPPEK;(vas(III)-oxid)-polimaltóz komplex;1
;MANNISOL B TEVA OLDATOS INFÚZIÓ;Mannitol;1
;MARFARIN 1MG TABLETTA;Warfarin;1
;MARFARIN 3MG TABLETTA;Warfarin;1
;MARFARIN 5MG TABLETTA;Warfarin;1
;MASSA MACROGOLI FONOVIII;;1
;MATEVER 100MG/ML KONC OLDATOS INFÚZIÓHOZ;levetirocetam;1
;MATRIFEN  12MIKROGRAMM/H TRANSZDERMÁLITT;Fentanyl;1
;MAXIDEX 1MG/ML SZUSZPENZIÓS SZEMCSEPP;Dexamethasone;1
;MEDROL   4MG TABLETTA;metilprednizolon;1
;MEDROL  16MG TABLETTA;metilprednizolon;1
;MEDROL  32MG TABLETTA;metilprednizolon;1
;MEDROL 100MG TABLETTA / 06;metilprednizolon;1
;MEFORAL  850MG FILMTABLETTA;metformin;1
;MEFORAL XR 1000MG RET TABLETTA;metformin;1
;MELOXEP 15MG TABLETTA;Meloxicam;1
;MELOXICAM GOODWILL 15MG/1,5ML OLD INJEKC;Meloxicam;1
;MEMORIL  800MG FILMTABLETTA;piracetam;1
;MEMORIL 1200MG FILMTABLETTA;piracetam;1
;MENTHAE PIPERITAE AETHEROL / AETHER MENT;;1
;MENTHOLOS ALKOHOL 1%; ;1
;MENTOPIN 600MG PEZSGÕTABLETTA;acetil-cisztein;1
;MERBROMINUM;;1
;MERCAPTOPURINE VIS 50MG TABL. 30X; ;1
;MEROPENEM PHARMACENTER 1G POR OLD INJ V;meropenem;1
;MEROPENEM PHARMACENTER 500MG POR OLD INJ;meropenem;1
;MESTINON 60MG BEVONT TABLETTA;piridostigmin;1
;METADON EP 10MG TABLETTA;Methadone;1
;METAMIZOLE KALCEKS 500MG/ML OLD INJ;metamizol-nátrium;1
;METAMIZOLUM NATRICUM;;1
;METANOL A.R. 1 L.; ;1
;METAPYRIN 500MG FILMTABLETTA TT;metamizol-nátrium;1
;METHENAMINUM;;1
;METHERGIN INJ. 0,2MG 1ML 5X; ;1
;METHOCEL 2% SZEMCSEPP 30G; ;1
;METHOTREXAT SANDOZ / EBEWE100MG/ML KONC;metotrexát;1
;METHOTREXAT SANDOZ / EBEWE100MG/ML KONC;metotrexát;1
;METHOTREXAT SANDOZ 10MG/ML OLD INJEKCIÓ;metotrexát;1
;METHOTREXATE ORION 10MG TABLETTA;Methotrexat;1
;METHOTREXATE ORION 2,5MG TABLETTA;Methotrexat;1
;METHYLCELLULOSUM;;1
;METHYLIS SALICYLAS;;1
;METHYLIUM PARAHYDROXYBENZOICUM;;1
;METHYLTHIONINIUM CHLORIDE PROVEBLUE 5MG/;Metiltionin-klorid;1
;METILPREDNIZOLONA NORMON 40MG POR INJ 1X; ;1
;METOKLOPRAMID HAMELN 5MG/ML OLD INJ;metoklopiramid;1
;METOPROLOLTARTRATE OMNIAPH 5MG/5ML  /K; ;1
;METOTHYRIN 10MG TABLETTA;tiamazol;1
;METRONIDAZOL NORIDEM 5MG/ML OLD INFÚZIÓ;metronidazol;1
;METRONIDAZOLUM;;1
;MEXALEN BABY / DOLORAMOL 24MG/ML BELS OL;paracetamol;1
;MEXSOL K2 BI20 PO 722061 1X; ;1
;MEXSOL K4 BI20 PO 742061 1X; ;1
;MIAGEN 30MG FILMTABL;mianserin;1
;MIDANXIL 7,5MG FILMTABLETTA;midazolam;1
;MIDAZOLAM HAMELN 5 MG/ML OLD INJ;midazolam;1
;MIDAZOLAM HAMELN 5MG/ML OLD INJEKCIÓ/INF;midazolam;1
;MIDAZOLAM KALCEKS 5MG/ML OLD INJ VAGY IN;midazolam;1
;MIDERIZONE 150MG FILMTABLETTA;tolperison;1
;MILUMIL HA START PROSYNEO TEJALAPÚ ANYAT;Csecsemõtápszerek;1
;MILUMIL HA2 PROSYNEO TEJALAPÚ ANYATEJ-KI;Csecsemõtápszerek;1
;MILUMIL PEPTI PRONUTRA;Egyéb tápszerek;1
;MILURIT 200MG TABLETTA;allopurinol;1
;MINOCIN 100MG KEMÉNY KAPSZULA; ;1
;MIOVISIN 20MG/2ML POR+OLD 6X INTRAOC INJ; ;1
;MIRTADEPI 30MG FILMTABLETTA;Mirtazapine;1
;MIRTADEPI 45MG FILMTABLETTA;Mirtazapine;1
;MIRTAZAPIN ORION 15MG SZÁJBAN DISZPERG T;Mirtazapine;1
;MIRTAZAPIN ORION 30MG SZÁJBAN DISZPERG T;Mirtazapine;1
;MIRTAZAPIN ORION 45MG SZÁJBAN DISZPERG T;Mirtazapine;1
;MIRVEDOL 10MG FILMTABLETTA;Memantine;1
;MIRVEDOL 10MG FILMTABLETTA;Memantine;1
;MIRZATEN 15MG FILMTABLETTA;Mirtazapine;1
;MITOMYCIN MEDAC 10 MG INJ. 1X; ;1
;MIVACRON 2MG/ML OLDATOS INJEKCIÓ;Mivacurium chloride;1
;MODUXIN MR 35MG RETARD TABLETTA;Trimetazidine;1
;MOFUDER 1MG/G KRÉM;mometazon;1
;MONOPRIL 10MG TABLETTA;Fosinopril;1
;MORFINA CLORIDRATO MONICO 20MG/1ML INJ. 5X; ;1
;MORPHINE KALCEKS 10MG/ML OLD INJEKCIÓ;morfin;1
;MOXIBIOT 400MG FILMTABLETTA;Moxifloxacin;1
;MOXIFLOXACIN-TEVA 400MG/250ML OLD INFÚZI;Moxifloxacin;1
;MOXOSTAD 0,2MG FILMTABLETTA;moxonidin;1
;MOXOSTAD 0,4MG FILMTABLETTA;moxonidin;1
;MUA.HINTOPOROS DOBOZ 80G 1X; ;1
;MUCILAGO HYDROXYETHYLCELLULOSI; ;1
;MUPIROCIN INFECTOPHARM 20MG/G KENÕCS;mupirocin;1
;MYCOSYST  50MG KEMÉNY KAPSZULA;flukonazol;1
;MYCOSYST 100MG KEMÉNY KAPSZULA;flukonazol;1
;MYDETON  50MG FILMTABLETTA;tolperison;1
;NALADOR 0,5MG POR OLD INJEKCIÓHOZ;sulproston;1
;NALPAIN 10MG/ML IOLDATOS INJEKCIÓ;nalbuphin;1
;NARVA SR 1.5MG RETARD TABLETTA;Indapamide;1
;NASIVIN BABY 0,1MG/ML TART.MENTES OLD OR;oximetazolin;1
;NASONEX 0,05% SZUSZP ADAGOLT ORRSPRAY;Mometasone;1
;NATRII BENZOAS;;1
;NATRII CHLORIDUM;;1
;NATRII CITRAS;;1
;NATRII DIHYDROGENOPHOSPHAS DIHYDRICUS;;1
;NATRII HYDROGENOCARBONAS;;1
;NATRII HYDROXIDUM;;1
;NATRII LAURILSULFAS;;1
;NATRII SULFAS ANHYDRICUS; ;1
;NATRII SULFAS DECAHYDRICUS; ;1
;NATRIUM CHLORATUM 0,9% IRR.OLD.4X3000ML CLEARFLEX; ;1
;"NATRIUM CHLORATUM 0,9% TEVA-""PM"" OLD INJ";Oldó- és higítószerek, öblítõ oldatok;1
;NATRIUM CHLORATUM TEVA 10% OLDATOS INJEK;Sodium chloride;1
;NATRIUM-AZID 1G (REANAL); ;1
;"NATRIUM-HYDROGEN-CARBONICUM ""PM"" 84MG/ML";Sodium bicarbonate;1
;"NATRIUM-HYDROGEN-CARBONICUM ""PM"" 84MG/ML OLD INJ";Sodium bicarbonate;1
;NATRIUM-KLORID 0,9% FRES OLD INF FREEFLE   ZSÁKOS;Electrolytes;1
;NATRIUM-KLORID 0,9% FRESENIUS INF OLD ÜVEGES;Electrolytes;1
;NATRIUM-KLORID 0,9% FRESENIUS OLDATOS IN;Electrolytes;1
;NATRIUM-KLORID 0.9% FRESENIUS OLD INFÚZÓ;Electrolytes;1
;NATRIUM-KLORID 0.9% FRESENIUS OLDATOS IN;Electrolytes;1
;NATRIUM-KLORID 0.9% FRESENIUS OLDATOS IN;Electrolytes;1
;NATRIUM-KLORID B BRAUN 0,9% OLDATOS INFÚ;Electrolytes;1
;NATRIUM-KLORID B BRAUN 0,9% OLDATOS INFÚ;Electrolytes;1
;NATRIUM-KLORID B BRAUN 0,9% OLDATOS INFÚ;Electrolytes;1
;NATRIUM-KLORID B BRAUN 0,9% OLDATOS INFÚ;Electrolytes;1
;NATRIUM-KLORID KABI 9MG/ML OSZ PARENT KÉ;Oldó- és higítószerek, öblítõ oldatok;1
;NAXALGAN 150MG KEMÉNY KAPSZULA;pregabalin;1
;NEBIVOLOL-TEVA 5MG TABLETTA;Nebivolol;1
;NEFROSOL 2MMOL/L KÁLIUM HEMOFILTRÁCIÓS O;Hemofiltratumok;1
;NEFROSOL 4MMOL/L KÁLIUM HEMOFILTRÁCIÓS O;Hemofiltratumok;1
;NEODOLPASSE OLDATOS INFÚZIÓ;Diclofenac, combinations;1
;NEOMYCINI SULFAS;;1
;NEOSTIGMINE KALCEKS 0,5MG/ML OLD INJEKCI;neostigmin;1
;NEOTIGASON 10MG KEMÉNY KAPSZULA;acitretin;1
;NEOTIGASON 25MG KEMÉNY KAPSZULA;acitretin;1
;NEPRESOL 25MG TABLETTEN;;1
;NEUROGERLON FILMTABLETTA;B1-vitamin kombinációi B6- és/vagy B12-vitaminnal;1
;NEUROGERLON OLDATOS INJEKCIÓ;B1-vitamin kombinációi B6- és/vagy B12-vitaminnal;1
;NEUROTOP 300MG RETARD TABLETTA;karbamazepin;1
;NEUROTOP 600MG RETARD TABLETTA;karbamazepin;1
;NEVANAC 1MG/ML SZUSZP SZEMCSEPP;nepafenac;1
;NEXODAL 0,4MG/ML OLDATOS INJ V INF;naloxon;1
;NIDOL 100MG TABLETTA;Nimesulide;1
;NIMOTOP 30MG FILMTABLETTA 100X; ;1
;NITRO POHL 1 MG/1 ML OLDATOS INFÚZIÓ; ;1
;NITRO POHL 1 MG/ML OLDATOS INFÚZIÓ;glicerin-trinitrát;1
;NITROFURANTOIN-Q PHARMA 100MG KEM KAPSZU;Nitrofurantoin;1
;NITROGLICERINA 5MG/1,5ML KONC.INF. 10X; ;1
;NITROMINT  0,2MG/ÓRA TRANSZDERMÁLIS TAPA;glicerin-trinitrát;1
;NITROMINT 0,4MG/ÓRA TRANSZDERMÁLIS TAPAS;glicerin-trinitrát;1
;NITROMINT 2,6MG RETARD TABLETTA;glicerin-trinitrát;1
;NITROMINT 8MG/G SZÁJNYÁLKAHÁRTYÁN ALK SP;glicerin-trinitrát;1
;NIZORAL 20MG/G KRÉM;ketoconazol;1
;NO-SPA 40MG OLDATOS INJEKCIÓ;drotaverin;1
;NOCLAUD 50MG TABLETTA;cilostazol;1
;NODORYL COMPLEX 400MG/60MG/40MG TABLETTA;metamizol-nátrium kombinációi;1
;NORCOLUT 5MG TABLETTA;noretisteron;1
;NORIGONEP 7,5MG/5ML SZIRUP;butamirat;1
;NORMIX 200MG FILMTABLETTA;Rifaximin;1
;NORMODIPINE  5MG TABLETTA;amlodipin;1
;NORMODIPINE 10MG TABLETTA;amlodipin;1
;NOVISTIG 0,5MG/ML+2,5MG/ML OLDATOS INJ;Neostigmin, kombinációk;1
;NOVORAPID PENFILL 100E/ML OLD INJEKCIÓ P;Insulin aspart;1
;NOVORIN 0,05% OLDATOS ORRCSEPP;xilometazolin;1
;NOVORIN 0,1% OLDATOS ORRCSEPP;xilometazolin;1
;NUROFEN  60MG VÉGBÉLKÚP GYERMEKEKNEK;ibuprofen;1
;NUROFEN 125MG VÉGBÉLKÚP GYERMEKEKNEK;ibuprofen;1
;NUROFEN EPERÍZÛ 20MG/ML BELS SZUSZP GYER;ibuprofen;1
;NUROFEN EPERÍZÛ 40MG/ML BELS SZUSZP GYER;ibuprofen;1
;NUROFEN JUNIOR NARANCS 100MG LÁGY RÁGÓKA;ibuprofen;1
;NUROFEN NARANCSÍZÛ 20MG/ML BELS SZUSZP G;ibuprofen;1
;NUROFEN NARANCSÍZÛ 20MG/ML BELS SZUSZP G;ibuprofen;1
;NUROFEN NARANCSÍZÛ 40MG/ML BELS SZUSZP G;ibuprofen;1
;NUTILIS SPEC.GYÓGY. ÉLELM.;Egyéb tápszerek;1
;NUTRIDRINK CREME 2KCAL MOKKA (PROTEIN) SPEL; ;1
;NUTRIDRINK MAX EPER ÍZÛ SPEC. GYÓGY. ÉLE;Egyéb tápszerek;1
;NUTRIDRINK MAX VANILÍA ÍZÛ SPEC. GYÓGY.;Egyéb tápszerek;1
;NUTRIDRINK PLANTBASED MOKKA 200ML 4X; ;1
;NUTRIDRINK PLANTBASED PROT 2KAL ANANÁSZ-KÓKUSZ; ;1
;NUTRINI ENERGY MULTI FIBRE SPEC. GYÓGY. ÉLELM.; ;1
;NUTRISON ADVANCED DIASON ENERGY HP SPEC;Egyéb tápszerek;1
;NUTRISON ADVANCED PEPTISORB SPEC. GYÓGY.;Egyéb tápszerek;1
;NUTRISON ENERGY MULTI FIBRE SPEC.GYÓGY.;Egyéb tápszerek;1
;NUTRISON ENERGY SPEC.GYÓGY. ÉLELM.;Egyéb tápszerek;1
;NUTRISON PLANTBASED SPEC GYÓGYÉLEL; ;1
;NUTRISON PROTEIN INTENSE SPEL 500ML 1X; ;1
;NYSTATINUM;;1
;NÁTRIUM-KLORID 0,9% FRES IRRIGÁLÓ OLDAT 10L; ;1
;OCTAPLEX 500NE POR+OLDÓSZ OLD INFÚZIÓHOZ;IX.-II.-VII.-X.koagulációs faktorok kombinációi;1
;OCTENISEPT 1MG/ML + 20MG/ML KÜLSÕLEGES O;Octenidin, kombinációk;1
;OCTENISEPT 1MG/ML + 20MG/ML KÜLSÕLEGES O;Octenidin, kombinációk;1
;OCULENTUM SIMPLEX;;1
;OCULOGUTTA NEOMYCINI 0.5%; ;1
;OCULOGUTTA VISCOSA; ;1
;OFTAQUIX 5MG/ML OLDATOS SZEMCSEPP; ;1
;OLANZAPINE TEVA  5MG FILMTABLETTA;Olanzapine;1
;OLANZAPINE TEVA  5MG SZÁJBAN DISZPERGÁLÓ;Olanzapine;1
;OLANZAPINE TEVA 10MG FILMTABLETTA;Olanzapine;1
;OLANZAPINE TEVA 10MG SZÁJBAN DISZPERGÁLÓ;Olanzapine;1
;OLANZAPINE TEVA 20MG FILMTABLETTA;Olanzapine;1
;OLANZAPINE TEVA 20MG SZÁJBAN DISZPERGÁLÓ;Olanzapine;1
;OLEYLUM OLEINICUM;;1
;OLICARD 40MG RETARD KEMÉNY KAPSZULA;izoszorbid-mononitrát;1
;OLICARD 60MG RETARD KEMÉNY KAPSZULA;izoszorbid-mononitrát;1
;OMNIPAQUE 300MG I/ML OLD INJ MÜA TARTÁLY;Iohexol;1
;OMNIPAQUE 300MG I/ML OLD INJ MÜA TARTÁLY;Iohexol;1
;ONDANSETRON KALCEKS 2MG/ML OLD INJ V INF;ondansentron;1
;ONKOTRONE 10MG/5ML KONC OLDATOS INF;mitoxantron;1
;ONKOTRONE 20MG/10ML KONC OLDATOS INF;mitoxantron;1
;ONTIPRIA 18MCG INHALÁC POR KEM KAPSZ;tiotropium-bromid;1
;ORRSPRAY PUMPA 18 DIN; ;1
;OSPAMOX   25MG/ML GRAN BELS SZUSZP-HOZ;amoxicillin;1
;OSPAMOX   50MG/ML GRAN BELS SZUSZP-HOZ;amoxicillin;1
;OSPAMOX 1000MG FILMTABLETTA;amoxicillin;1
;OSPEN  400 000NE/5ML BELS SZUSZPENZIÓ;fenoximetilpenicillin;1
;OSPEN 1 000 000NE FILMTABLETTA;fenoximetilpenicillin;1
;OVESTIN 1MG/G KRÉM;ösztriol;1
;OXALIPLATIN ACCORD 5MG/ML KONC OLD INF-H;Oxaliplatin;1
;OXIGÉN CSEPPFOLYÓS; ;1
;OXIGÉN KOMBI SZELEPES PALACK 0,4M3 4080181; ;1
;OXIGÉN KOMBI SZELEPES PALACK 2M3 4080111; ;1
;OXIGÉN PALACK 6 M3 4080140; ;1
;OXYCORT (9,30MG+3,10MG)/G KÜLS SZUSZPENZ;hidrokortizon - antibiotikum kombinációk;1
;OXYNADOR 10MG/5MG RETARD TABLETTA / 04;Oxycodonum;1
;OXYNADOR 20MG/10MG RETARD TABLETTA / 13;Oxycodonum;1
;OXYNADOR 40MG/20MG RETARD TABLETTA / 23;Oxycodonum;1
;OXYTOCIN 5NE/ML OLDATOS INJEKCIÓ;oxitocin;1
;OYAVAS 25MG/ML KONC OLDATOS INFÚZIÓHOZ;bevacizumab;1
;PACLITAXEL -TEVA 6MG/ML KONC OLD INF;paclitaxel;1
;PALIPERIDON TEVA 100MG RETARD SZUSZ INJ;paliperidon;1
;PALIPERIDON TEVA 150MG RETARD SZUSZP INJ;paliperidon;1
;PALIXID 10MG FILMTABLETTA;Donepezil;1
;PANANGIN 158MG/140MG FILMTABLETTA;Egyéb ásványi készítmények;1
;PANANGIN LIQUID 452MG/400MG KONC OLD INF;Egyéb ásványi készítmények;1
;PANKAINE SPINAL HEAVY 5MG/ML OLD INJEKCI;bupivakain;1
;PANTOPRAZOL APTAPHARMA 40MG POR OLD INJ;pantoprazol;1
;PANTOPRAZOLE-TEVA 20MG GYNEDV-ELLENÁLLÓ;pantoprazol;1
;PANTOPRAZOLE-TEVA 40MG GYNEDV-ELLENÁLLÓ;pantoprazol;1
;PAPAVERIN CLORIDRATO MONICO 30MG/2ML 5X OLDATOS INJEKCIÓ; ;1
;PAPAVERINI HYDROCHLORIDUM;;1
;PARACETAMOL ONKOGEN 10MG/ML OLDATOS INFÚ;paracetamol;1
;PARACETAMOLUM;;1
;PARAFFINUM LIQUIDUM;;1
;PARAFFINUM SOLIDUM;;1
;PARLEKARV 25MG/100MG TABLETTA;levodopa - dekarboxiláz-inhibitor kombinációk;1
;PARNIDO 3MG RETARD TABLETTA;paliperidon;1
;PAROXETIN TEVA 20MG FILMTABLETTA;paroxetin;1
;PASTA BUROWI 1G; ;1
;PAXIRASOL  2MG/ML OLDATOS INJEKCIÓ;brómhexin;1
;PEDEX  TETÛIRTÓ  50ML.  1X; ;1
;PEDEX TETÛÍRTÕ 300ML; ;1
;PEMETREXED ACCORD 25MG/ML KONC OLDATOS INF;pemetrexed;1
;PENICILLIN PHARMEXIM 1000000NE POR OLD I;benzilpenicillin;1
;PENTAGLOBIN 50MG/ML OLD INFÚZIÓHOZ;Immunoglobulins, normal human, for intravascular adm.;1
;PENTASA 1G RETARD TABLETTA;meszalazin;1
;PENTASA 1G VÉGBÉLKÚP;meszalazin;1
;PENTASA 2G RETARD GRANULÁTUM;meszalazin;1
;PENTASA 500MG RETARD TABLETTA;meszalazin;1
;PENTOXYL-EP 400MG RETARD FILMTABLETTA;pentoxifyllin;1
;PEPTONORM 1G TABLETTA;sucralfat;1
;PERDOX 1MG/ML BELSÕLEGES OLDAT;Risperidone;1
;PERDOX 3MG FILMTABLETTA;Risperidone;1
;PERINEVA 4MG TABLETTA;perindopril;1
;PERITOL TABLETTA;ciproheptadin;1
;PETHIDIN-HAMELN 50MG/ML 2ML; ;1
;PHENOBARBITALI NATRII 25MG/5ML INJ.; ;1
;PHENOLUM LIQUEFACTUM;;1
;PHENYLBUTAZONUM;;1
;PHOSPHODEP TABLETTA;Hiperkalémia gyógyszerei;1
;PICOPREP POR BELSÕLEGES OLDATHOZ; ;1
;PILOCARPINI HYDROCHLORIDUM;;1
;PIMAFUCORT KENÕCS;hidrokortizon - antibiotikum kombinációk;1
;PIPERACILLIN/TAZOBACTAM KABI 4G/0,5G INJ;Piperacillin and enzyme inhibitor;1
;PIPOLPHEN 25MG/ML OLDATOS INJEKCIÓ;prometazin;1
;PK-MERZ 0,4MG/ML OLDATOS INFÚZIÓ;amantadin;1
;PK-MERZ 100MG FILMTABLETTA;amantadin;1
;POLYSORBATUM 20;;1
;POLYSORBATUM 60;;1
;PORTIRON  25MG FILMTABLETTA;losartan;1
;PORTIRON 100MG FILMTABLETTA;losartan;1
;PORTIRON HCT  50MG/12,5MG FILMTABLETTA;Losartan and diuretics;1
;PORTIRON HCT 100MG/12,5MG FILMTABLETTA;Losartan and diuretics;1
;PORTIRON HCT 100MG/25MG FILMTABLETTA;Losartan and diuretics;1
;POSACONAZOLE ACCORD 100 MG GYOMORNEDV-EL;Posaconazole;1
;POST PUNCTIOS POR SINE EPHEDRINO; ;1
;POTACTASOL 4MG POR OLD INFHOZ VALÓ KONCH;topotekán;1
;POVIDONUM IODINATUM;;1
;POVIDONUM K30; ;1
;PRAXBIND 2,5G/50ML OLD INJEKCIÓ/INFÚZIÓ;idarucizumab;1
;PREDNISOLON-RICHTER 5MG TABLETTA;prednizolon;1
;PREDNISOLON-RICHTER 5MG TABLETTA;prednizolon;1
;PREDNISOLONUM;;1
;PREDUCTAL PROLONG 40MG RETARD KEM KAPSZ;Trimetazidine;1
;PREPIDIL 0,5MG GÉL;dinoproston;1
;PRIVIGEN 100MG/ML OLDATOS INFÚZIÓ;Immunoglobulins, normal human, for intravascular adm.;1
;PROCAINA SERRA 10MG/ML INJ. 10ML 1X; ;1
;PROCAINII HYDROCHLORIDUM;;1
;PROGESTERONE EXELTIS 200MG LÁGY KAPSZULA;Progesterone;1
;PROLUTEX 25MG OLD INJ;Progesterone;1
;PROMETAZINI HYDROCHLORIDUM;;1
;PRONTODERM GÉL (ORRKRÉM) WEST 30ML; ;1
;PROPOFOL 1% MCT/LCT FRESENIUS EMULZ INJ;propofol;1
;PROPOFOL 2% MCT/LCT FRESENIUS EMULZ INJ;propofol;1
;PROPRANOLOL WZF 40MG TABLETKI;propranolol;1
;PROPYCIL 50MG TABLETTA;propiltiouracil;1
;PROSTERID 5MG FILMTABLETTA;finasterid;1
;PROTAMIN-SZULFÁT LEO PHARMA 1400NE/ML OL;protamin;1
;PROTHROMPLEX TOTAL 500NE POR ÉS OSZ OLD;IX.-II.-VII.-X.koagulációs faktorok kombinációi;1
;PROTIFAR;Egyéb tápszerek;1
;PROVEDYE 5MG/ML STERIL OLDAT 2ML 5X; ;1
;PROVOSAL 0,4MG MÓDOSÍTOTT HAT KEMÉNY KAP;Tamsulosin;1
;PULMICORT 0,25MG/ML SZUSZPENZIÓ PORLASZT;budenosid;1
;PULMICORT 0,50MG/ML SZUSZPENZIÓ PORLASZT;budenosid;1
;PYRAZINAMID FARMAPOL 500MG TABLETTA 250X; ;1
;QUAMATEL 20MG FILMTABLETTA;famotidin;1
;QUAMATEL 40MG FILMTABLETTA;famotidin;1
;QUAMATEL 40MG FILMTABLETTA;famotidin;1
;QUETIAPINE-TEVA  25MG FILMTABLETTA;Quetiapine;1
;QUETIAPINE-TEVA  50MG RETARD TABLETTA;Quetiapine;1
;QUETIAPINE-TEVA 100MG FILMTABLETTA;Quetiapine;1
;QUETIAPINE-TEVA 200MG FILMTABLETTA;Quetiapine;1
;QUETIAPINE-TEVA 200MG RETARD TABLETTA;Quetiapine;1
;QUETIAPINE-TEVA 300MG FILMTABLETTA;Quetiapine;1
;QUETIAPINE-TEVA 300MG RETARD TABLETTA;Quetiapine;1
;QUETIAPINE-TEVA 400MG RETARD TABLETTA /;Quetiapine;1
;RABEMAN 20MG GYOMORNEDV-ELLENÁLLÓ FILMTA;Rabeprazole;1
;RAENOM 5MG FILMTABLETTA;Ivabradine;1
;RAENOM 7,5MG FILMTABLETTA;Ivabradine;1
;RALNEA 2MG RETARD TABLETTA;Ropinirole;1
;RALNEA 8MG RETARD TABLETTA;Ropinirole;1
;RAZAGILIN RATIOPHARM 1MG TABLETTA;Rasagiline;1
;REAGILA 1,5MG KEMÉNY KAPSZULA;cariprazine;1
;REAGILA 1,5MG SZDP TABLETTA;cariprazine;1
;REAGILA 3MG KEMÉNY KAPSZULA;cariprazine;1
;REAGILA 3MG SZDP TABLETTA;cariprazine;1
;RELAXIL-G 500MG OLD INJEKCIÓ;MEMANTINIUM;1
;RESONIUM POR BELS SZUSZPHOZ VAGY VÉGBÉLS;polistirén-szulfonát;1
;RESORCINOLUM;;1
;REXETIN 30MG FILMTABLETTA;paroxetin;1
;RHOPHYLAC 300UG/2ML OLD INJ ET FECSKBEN;Anti-D (rh) immunoglobulin;1
;RICINI OLEUM VIRGINALE;;1
;RIFAMED 300MG FILMTABLETTA;rifampicin;1
;RILMENIDIN-TEVA 1MG TABLETTA;Rilmenidine;1
;RILUTEK 50MG FILMTABLETTA;Riluzole;1
;RINGER FRESENIUS OLDATOS INFÚZIÓ;Electrolytes;1
;RINGER-LAKTÁT FRESENIUS OLDATOS INFÚZIÓ;Electrolytes;1
;RINGER-LAKTÁT FRESENIUS OLDATOS INFÚZIÓ;Electrolytes;1
;RINGER-LAKTÁT N B. BRAUN HARTMANN OLDATOS INFÚZIÓ;Electrolytes;1
;RIPEDON 4MG FILMTABLETTA;Risperidone;1
;RISPONS 1MG FILMTABLETTA;Risperidone;1
;RISPONS 2MG FILMTABLETTA;Risperidone;1
;RISPONS 3MG FILMTABLETTA;Risperidone;1
;RIVAROXABAN SANDOZ 15MG FILMTABLETTA; ;1
;RIVAROXABAN SANDOZ 2,5MG FILMTABL; ;1
;RIVAROXABAN SANDOZ 20MG FILMTABLETTA; ;1
;RIVAROXABAN ZENTIVA 15MG FILMTABLETTA; ;1
;RIVAROXABAN ZENTIVA 20MG FILMTABLETTA; ;1
;RIVOTRIL 0,5MG TABLETTA;klonazepám;1
;RIVOTRIL 1MG INJEKCIÓ;klonazepám;1
;RIVOTRIL 2MG TABLETTA;klonazepám;1
;RIVOTRIL 2MG TABLETTA;klonazepám;1
;ROBINUL INJ 1ML 5X; ;1
;ROCALTROL 0,5MIKROG LÁGY KAPSZULA;kalcitriol;1
;ROCURONIUM BROMIDE HAMELN 10MG/ML OLD IN;Rocuronium bromide;1
;ROPINIROL ACTAVIS 2MG RETARD TABLETTA;Ropinirole;1
;ROPINIROL TEVA 8MG RETARD TABLETTA;Ropinirole;1
;ROPIVACAINA ALTAN 10MG/ML INJ 10ML; ;1
;ROSMARINI AETHEROL / AETHEROL ROSMARIN;;1
;ROZUVA-TEVA 10MG FILMTABLETTA;rosuvastatin;1
;ROZUVA-TEVA 20MG FILMTABLETTA;rosuvastatin;1
;ROZUVA-TEVA 40MG FILMTABLETTA;rosuvastatin;1
;RUTASCORBIN TABLETTA;rutozid kombinációk;1
;RVV-TEST  10X1; ;1
;RXULTI 1MG FILMTABLETTA;brexpiprazole;1
;RXULTI 2MG FILMTABLETTA;brexpiprazole;1
;RXULTI 3MG FILMTABLETTA;brexpiprazole;1
;RXULTI 4MG FILMTABLETTA;brexpiprazole;1
;RYTMONORM 150MG FILMTABLETTA;propafenon;1
;RYTMONORM 3,5MG/ML OLD INJEKCIÓ;propafenon;1
;RYTMONORM 300MG FILMTABLETTA;propafenon;1
;SACCHARINUM NATRICUM;;1
;SACCHARUM;;1
;SALAZOPYRIN EN 500MG GYNEDV-ELL TABLETTA;szulfaszalazin;1
;SALOFALK 500MG VÉGBÉLKÚP;meszalazin;1
;SCLEFIC 50MG FILMTABLETTA;Riluzole;1
;SEDUXEN 5MG TABLETTA;Diazepam;1
;SEDUXEN 5MG/ML OLDATOS INJEKCIÓ;Diazepam;1
;SERAFOL  ABO+D   50X; ;1
;SERMION 30MG FILMTABLETTA;nicergolin;1
;SEROPRAM 40MG/ML KONCENTRÁTUM INFÚZIÓHOZ;cytalopram;1
;SERTRALIN-ZENTIVA  50MG FILMTABLETTA;sertralin;1
;SEVENAL 100G TABLETTA;fenobarbitál;1
;SEVENALETTA 15MG TABLETTA;fenobarbitál;1
;SEVOFLURANE PIRAMAL FOLYADÉK INHALÁCIÓS;Sevoflurane;1
;SEVORANE INHALÁCIÓS OLDAT;Sevoflurane;1
;SILDENAFIL TEVA  50MG FILMTABLETTA;Sildenafil;1
;SILICA COLLOIDALIS ANHYDRICA;;1
;SIMBRINZA 10MG/ML+2MG/ML SZUSZP SZEMCSEPP;brinzolamid és brimonidin;1
;SINECOD BELSÕDLEGES OLDATOS CSEPPEK;butamirat;1
;SINORA 1MG/ML KONC OLDATOS INFÚZIÓHOZ;Norepinephrin;1
;SINORA 1MG/ML KONC OLDATOS INFÚZIÓHOZ;Norepinephrin;1
;SIRUPUS AURANTII;;1
;SIRUPUS SIMPLEX; ;1
;SIRUPUS SORBITOLI; ;1
;SKUDEXA 75MG/25MG FILMTABLETTA; ;1
;SKUDEXA 75MG/25MG GRANULÁTUM BELS OLD; ;1
;SMECTA 3G POR SZUSZPENZIÓHOZ;Diosmectite;1
;SMOFKABIVEN EMULZIÓS INFÚZIÓ;Combinations;1
;SMOFKABIVEN EMULZIÓS INFÚZIÓ;Combinations;1
;SMOFKABIVEN PERIPHERAL EMULZIÓS INFÚZIÓ;Combinations;1
;SMOFKABIVEN PERIPHERAL EMULZIÓS INFÚZIÓ;Combinations;1
;SMOFLIPID 200MG/ML EMULZIÓS INFÚZIÓ;Fat emulsions;1
;SOLU-CORTEF 50MG/ML POR ÉS OSZER OLD INJ;hidrokortizon;1
;SOLU-MEDROL  125MG INJEKCIÓ;metilprednizolon;1
;SOLU-MEDROL  500MG INJEKCIÓ;metilprednizolon;1
;SOLU-MEDROL 1000MG INJEKCIÓ;metilprednizolon;1
;SOLUTIO ACIDI BORICI 2%; ;1
;SOLUTIO CETRIMIDI 0,1%; ;1
;SOLUTIO CONSERVANS; ;1
;SOLUTIO IODI ALCOHOLICA;;1
;SOLUTIO MERBROMINI 2%; ;1
;SOLUTIO OPHTALMICA CUM BENZALKONIO; ;1
;SOLUVIT POR OLD INFÚZIÓHOZ VALÓ KONCHOZ;Vitaminok;1
;SOLVENS VISCOSA CUM CETRIMIDO FONO VIII;;1
;SORBIFER DURULES 320MG FILMTABLETTA;vas(II)-szulfát;1
;SORBITOLUM;;1
;SOTALEX MITE 80MG TABLETTA;sotalol;1
;SPARSORIUM INFANTUM 1G; ;1
;SPAVERIN 40MG TABLETTA;drotaverin;1
;SPAVERIN 80MG TABLETTA;drotaverin;1
;SPIOLTO RESPIMAT 2,5UG/2,5UG INH OLDAT /;olodaterol és tiotropium;1
;SPIRITUS ANISATUS;;1
;SPIRITUS SALICYLATUS   FONOVIII;;1
;SPIRON 100MG TABLETTA;spirinolakton;1
;SPIRONOLACTONE ORION 50MG TABLETTA;spirinolakton;1
;SPITOMIN  5MG TABLETTA;buspiron;1
;STANDACILLIN 200MG/ML POR OLD INJEKCIÓHO;ampicillin;1
;STERIL CATHETER JELLY 1X; ;1
;STEROFUNDIN B INFÚZIÓ;Electrolytes with carbohydrates;1
;STEROFUNDIN G OLD INFÚZIÓ;Electrolytes with carbohydrates;1
;STEROFUNDIN G OLD INFÚZIÓ;Electrolytes with carbohydrates;1
;STILNOX 10MG FILMTABLETTA;Zolpidem;1
;STIMULOTON 100MG FILMTABLETTA;sertralin;1
;SUFENTANIL HAMELN 5UG/ML OLD INJEKCIÓ;Sufentanil;1
;SUFIXIN FORTE 400MG FILMTABLETTA;cefixime;1
;SUGAMMADEX ONKOGEN 100MG/ML OLD INJEKCIÓ; ;1
;SULFADIAZINE 1G; ;1
;SULFADIMIDINUM;;1
;SULFUR PRAECIPITATUM;;1
;SUMAMED 100MG/5ML POR SZIRUPHOZ;azitromicin;1
;SUMAMED FORTE 200MG/5ML POR SZIRUPHOZ;azitromicin;1
;SUMETROLIM 25MG/5MG/ML SZIRUP;szulfametoxazol - trimetoprim kombinációk;1
;SUMETROLIM 400MG/80MG TABLETTA;szulfametoxazol - trimetoprim kombinációk;1
;SUPPOSITORIUM ANALGETICUM FORTE; ;1
;SUPPOSITORIUM ANTIPHLOGISTICUM NODALE; ;1
;SUPPOSITORIUM ARANYÉR PAPAVERINNEL; ;1
;SUPPOSITORIUM BENZOCAINI; ;1
;SUPPOSITORIUM CERUCAL; ;1
;SUPPOSITORIUM DOLVIRAN; ;1
;SUPPOSITORIUM FÁJDALOMCSILLAPÍTÓ GYERMEKEKNEK; ;1
;SUPPOSITORIUM INDOMETACINI 100 MG; ;1
;SUPPOSITORIUM LAXANS; ;1
;SUPPOSITORIUM METAMIZOLI 100 MG; ;1
;SUPPOSITORIUM METAMIZOLI 200 MG; ;1
;SUPPOSITORIUM METAMIZOLI 500 MG; ;1
;SUPPOSITORIUM METRONIDAZOLI 250 MG; ;1
;SUPPOSITORIUM METRONIDAZOLI 500 MG; ;1
;SUPPOSITORIUM PARACETAMOLI 250 MG; ;1
;SUPPOSITORIUM PARACETAMOLI 500 MG; ;1
;SUPPOSITORIUM PARACETAMOLI 60 MG; ;1
;SUPPOSITORIUM PREDNISOLONI 10 MG; ;1
;SUPPOSITORIUM PREDNISOLONI 100 MG; ;1
;SUPPOSITORIUM PREDNISOLONI 15 MG; ;1
;SUPPOSITORIUM PREDNISOLONI 30 MG; ;1
;SUPPOSITORIUM PREDNISOLONI 50 MG; ;1
;SUPRASTIN INJEKCIÓ;chloropyramin;1
;SUPRASTIN TABLETTA;chloropyramin;1
;SUPRAX 100MG/5ML POR BELS SZUSZPENZIÓHOZ;cefixime;1
;SURVIMED OPD DRINK VANÍLIA ÍZÛ SPEC. GYÓ;Egyéb tápszerek;1
;SYMBICORT MITE TURBUHALER 4,5/80UG INHAL;formoterol és obstruktív légúti betegségekre ható egyéb szerek;1
;SYMBICORT TURBUHALER 4,5/160UG INHAL POR;formoterol és obstruktív légúti betegségekre ható egyéb szerek;1
;SYNCUMAR MITE 1MG TABLETTA;acenokumarol;1
;SYNJARDY  5MG/1000MG FILMTABLETTA;empagliflozin és metformin;1
;SZEMCSEPPENTO 3 R.STERIL 10ML. 1DB; ;1
;SZINTETIKUS LEVEGÕ LINDE ORVOSI GÁZ 10M3 1X 4030152; ;1
;SZINTETIKUS LEVEGÕ LINDE ORVOSI GÁZ 2M3,10L 1X; ;1
;SZULFOSZALICILSAV 20% 1000ML (MOLAR); ;1
;SZÉNDIOXID PALACK 10KG; ;1
;SZÉNDIOXID PALACK 30KG; ;1
;SZÕLÕCUKORKA CITROMOS 1X80 G; ;1
;SZÕLÕCUKORKA MENTOLOS 1X80 G; ;1
;SZÕLÕCUKORKA NATUR 1X80 G; ;1
;TACHOSIL SZÖVETRAGASZTÓ MÁTRIX 3,0X2,5CM;Kombinációk;1
;TACHOSIL SZÖVETRAGASZTÓ MÁTRIX 9,5X4,8CM;Kombinációk;1
;TAFLOTAN 15UG/ML OLDATOS SZEMCSEPP EGYAD; ;1
;TALCUM;;1
;TALSIAN 200MG TABLETTA;Amisulpride;1
;TAMIFLU 30MG KEMÉNY KAPSZULA;Oseltamivir;1
;TAMIFLU 45MG KEMÉNY KAPSZULA;Oseltamivir;1
;TAMIFLU 75MG KEMÉNY KAPSZULA;Oseltamivir;1
;TANNINUM /ACIDUM TANNICUM;;1
;TANTUM VERDE 1,5 MG/ML OLD;benzydamine;1
;TANYDON 80MG FILMTABLETTA;Telmisartan;1
;TANYDON HCT 40MG/12,5MG TABLETTA;telmisartan és vizelethajtók;1
;TANYDON HCT 80MG/12,5MG TABLETTA;telmisartan és vizelethajtók;1
;TANYDON HCT 80MG/25MG TABLETTA;telmisartan és vizelethajtók;1
;TARGOCID 400MG POR ÉS OLDSZER OLD INJHOZ;teicoplanin;1
;TARIVID-RICHTER 200MG FILMTABLETTA TT;ofloxacin;1
;TAUROLOCK HEP 100 KATÉTER OLD. 3ML 10X; ;1
;TEGRETOL 200MG TABLETTA / 07;karbamazepin;1
;TEGRETOL CR 200MG MÓD HATÓANYAGLEADÁSÚ T;karbamazepin;1
;TEGRETOL CR 400MG MÓD HATÓANYAGLEADÁSÚ T;karbamazepin;1
;TELEXER 150MG KEMÉNY KAPSZULA;Dabigatran epaxilate;1
;TELMISARTAN-RATIOPHARM 40MG TABLETTA;Telmisartan;1
;TENSIOMIN  25MG TABLETTA;kaptopril;1
;TEPERINEP 25MG FILMTABLETTA;amitriptilin;1
;TERPINUM;;1
;TETAGAM P OLDATOS INJEKCIÓ;Tetanus immunoglobulin;1
;TETRACAINI HYDROCHLORIDUM;;1
;TEVA-AMBROBENE 15MG/5ML SZIRUP;ambroxol;1
;TEVA-CANDIBENE 10MG/G KRÉM;klotrimazol;1
;TEVA-DICLOFENAC DOLO 10MG/G GÉL TT;diclofenac;1
;TEVA-ENTEROBENE 2MG FILMTABL / RATIOPHAR;loperamid;1
;TEVA-MEXALEN  500MG TABLETTA;paracetamol;1
;THEOSPIREX 150MG RETARD FILMTABLETTA;teofillin;1
;THEOSPIREX 200MG/10ML OLD INJEKCIÓ;teofillin;1
;THEOSPIREX 300MG RETARD FILMTABLETTA;teofillin;1
;THIAMINI HYDROCHLORIDUM;;1
;THIOTEP 600MG FILMTABLETTA;liponsav;1
;TIAGER 100MG TABLETTA;Tiapride;1
;TIALERA 12,5MG FILMTABLETTA;tianeptin;1
;TIAPRIDAL 100MG INJEKCIÓ;Tiapride;1
;TIGECYCLINE ANFARM 50MG POR OLD INFÚZIÓH;tigecyclin;1
;TINCTURA AURANTII PRO SIRUPO;;1
;TINCTURA CAPSICI;;1
;TINCTURA IPECACUANHAE;;1
;TISERCIN 25MG FILMTABLETTA;levomepromazin;1
;TISSEEL LYO POR ÉS OLDÓSZER SZÖVETRAGASZ;Kombinációk;1
;TIZAGELAN 4MG TABLETTA;tizanidin;1
;TOBRADEX SZEMKENÕCS;dexametazon - antiinfektivum kombinációk;1
;TOBREX  3MG/G SZEMKENÕCS;tobramicin;1
;TOBREX 3MG/ML OLDATOS SZEMCSEPP;tobramicin;1
;TODEP SZUSZPENZIÓS SZEMCSEPP;dexametazon - antiinfektivum kombinációk;1
;TOUJEO 300E/ML SOLOSTAR OLD INJEKCIÓ ET;insulin glargine;1
;TRAJENTA 5MG FILMTABLETTA; ;1
;TRAMADOL KALCEKS 50MG/ML OLD INJ VAGY IN;tramadol;1
;TRAMCET 37,5MG/325MG TABLETTA;tramadol and paracetamol;1
;TRANEXÁMSAV ONKOGEN 100MG/ML OLD INJEKCI;tranexámsav;1
;TRAVOCORT 10MG/G +1MG/G KRÉM;imidazol kombinációk;1
;TRELEGY ELLIPTA 92UG/55UG/22UG AD INH PO;vilanterol, umeclidinium bromide and fluticasone furoate;1
;TRESIBA 100E/ML FLEXTOUCH OLD INJEKCIÓ E;insulin degludec;1
;TRILEPTAL 300MG FILMTABLETTA;Oxcarbazepine;1
;TRIMBOW 87UG/5UG/9UG TÚLNYOM INH OLD;formoterol, glycopyrronium bromide and beclometasone;1
;TRIMBOW 88UG/5UG/9UG INH POR;formoterol, glycopyrronium bromide and beclometasone;1
;TRITACE  5MG TABLETTA;ramipril;1
;TRITACE 10MG TABLETTA;ramipril;1
;TRITACE HCT 5/25 TABLETTA;Ramipril and diuretics;1
;TRITICI AMYLUM;;1
;TRITTICO AC 150MG RETARD TABLETTA;Trazodone;1
;TRIXEO AEROSPHERE 5UG/7,2UG/160UG TÚLNY;formoterol, glikopirrónium-bromid és budezonid;1
;TROLAMINUM;;1
;TROPICAMIDA ROMPHARM SZEMCSEPP 10ML 1X; ;1
;TRUXAL 15MG FILMTABLETTA;Chlorprothixene;1
;TRUXAL 50MG FILMTABLETTA;Chlorprothixene;1
;TUBUS 100G;;1
;TUBUS 10G;;1
;TUBUS 150G;;1
;TUBUS 20G;;1
;TUBUS 30G;;1
;TUBUS 50G;;1
;ULTRACAIN DS FORTE OLD INJEKCIÓ;artikain kombinációk;1
;UNASYN  2G/1G POR OLD INJEKCIÓHOZ VAGY I;ampicillin - laktamázgátló kombinációk;1
;UNGUENTUM ANTIPHLOGISTICUM; ;1
;UNGUENTUM ANTISEPTICUM; ;1
;UNGUENTUM BABY SEC FRANK; ;1
;UNGUENTUM BISMUTHI; ;1
;UNGUENTUM BUROWI; ;1
;UNGUENTUM EMOLLIENS;;1
;UNGUENTUM EMULSIFICANS NONIONICUM;;1
;UNGUENTUM EUCERIN; ;1
;UNGUENTUM EZÜSTSULFADIAZIN; ;1
;UNGUENTUM GENTAMYCINI; ;1
;UNGUENTUM GLYCERINI;;1
;UNGUENTUM HEPARINI; ;1
;UNGUENTUM HYDROPHYLICUM NONIONICUM; ;1
;UNGUENTUM MACROGOLI;;1
;UNGUENTUM NASALE; ;1
;UNGUENTUM PHENYLBUTAZONI; ;1
;UNGUENTUM REFRIGERANS; ;1
;UNGUENTUM ROSMARINI; ;1
;UNGUENTUM SIMPLEX; ;1
;UNGUENTUM STEARINI; ;1
;UNGUENTUM VITAMIN A; ;1
;URAPIDIL KALCEKS 25MG OLDATOS INJ VAGY I;urapidil;1
;URAPIDIL KALCEKS 50MG OLDATOS INJ VAGY I;urapidil;1
;UREGYT 50MG TABLETTA;etakrinsav;1
;UREUM;;1
;UROMITEXAN 100MG/ML OLDATOS INJEKCIÓ;mesna;1
;URSOFALK 250MG KEMÉNY KAPSZULA;ursodeoxikólsav;1
;UTROGESTAN 100MG HÜVELYKAPSZULA;Progesterone;1
;UTROGESTAN 100MG ORAL KAPSZULA;Progesterone;1
;UTROGESTAN 200MG LÁGY HÜVELYKAPSZULA;Progesterone;1
;VACTETA 40NE/0,5ML SZUSZP INJEKCIÓ;Tetanus toxoid;1
;VALONGIX 20MG/5MG/5MG FILMTABLETTA;atorvastatin, amlodipine and perindopril;1
;VANCOMYCIN-HUMAN  500MG POR OLD INFHOZ V;vankomicin;1
;VANCOMYCIN-HUMAN 1000MG POR OLD INFHOZ V;vankomicin;1
;VANCOMYCINI HYDROCHLORIDUM;;1
;VARGA TESTÁPOLÓ; ;1
;VAS(III)-KARBO 50MG/ML DISP.INJ. FR 10ML; ;1
;VASELINUM ACIDI BORICI;;1
;VASELINUM ALBUM;;1
;VASELINUM ALBUM OPHTALMICUM;;1
;VASELINUM CHOLESTERINATUM 1G; ;1
;VASELINUM FLAVUM;;1
;VELAXIN  50MG TABLETTA;Venlafaxine;1
;VENORUTON FORTE 500MG TABLETTA;rutozid kombinációk;1
;VENTOLIN EVOHALER TÚLNYOMÁSOS INHALÁCIÓS;szalbutamol;1
;VERACER 25000 UI/5 ML OLD.INJ. 10X; ;1
;VERAPAMIL 40MG FILMTABLETTA;verapamil;1
;VERAPAMIL INJEKCIÓ;verapamil;1
;VERDYE 5MG/ML POR OLD INJEKCIÓHOZ;indocianin zöld;1
;VERMOX 100MG TABLETTA;mebendazol;1
;VEROSPIRON  25MG TABLETTA;spirinolakton;1
;VEROSPIRON  50MG KEMÉNY KAPSZULA;spirinolakton;1
;VIDONORM 4MG/ 5MG TABLETTA; ;1
;VIDONORM 4MG/10MG TABLETTA; ;1
;VIDONORM 8MG/ 5MG TABLETTA; ;1
;VIDONORM 8MG/10MG TABLETTA; ;1
;VIDONORM KOMBI 4MG/1,25MG/5MG TABLETTA;ace-gátlók, egyéb kombinációk;1
;VIDONORM KOMBI 8MG/2,5MG/10MG TABLETTA;ace-gátlók, egyéb kombinációk;1
;VIDONORM KOMBI 8MG/2,5MG/5MG TABLETTA;ace-gátlók, egyéb kombinációk;1
;VIDOTIN 8MG TABLETTA;perindopril;1
;VIDOTIN KOMB 4MG/1,25MG TABLETTA;Perindopril and diuretics;1
;VIDOTIN KOMB 8MG/2,5MG TABLETTA;Perindopril and diuretics;1
;VIGAMOX 5MG/ML OLD SZEMCSEPP; ;1
;VIMPAT  50MG FILMTABLETTA; ;1
;VINCRISTIN TEVA 1MG/1ML INJ. 1ML 1X; ;1
;VINCRISTINE KOCAK 1MG/1ML INJ. 1ML 1X; ;1
;VINKO 1MG/ML 10ML INJ 1X; ;1
;VIRACIK 50MG/G KRÉM;aciklovir;1
;VIRGAN 1.5MG/G SZEMGÉL 5G EGYEDI; ;1
;VITALIPID ADULT EMULZIÓS INFÚZIÓ;Vitaminok;1
;VITAMIN B1 RTP 50MG/ML 2ML 5X OLDATOS INJEKCIÓ; ;1
;VITAMIN B12 1000MCG TABLETTA BIOCO; ;1
;VITAMIN B12 RICHTER  300UG/ML OLD INJ;cianokobalamin;1
;VITAMIN B12 RICHTER 1000UG/ML OLD INJ;cianokobalamin;1
;VITAMIN B6 EGIS 25MG/ML OLD INJEKCIÓ;piridoxin;1
;VITAMIN C EGIS 100MG/ML OLD INJEKCIÓ;aszkorbinsav;1
;VITAMIN C EGIS 100MG/ML OLD INJEKCIÓ;aszkorbinsav;1
;VITAMIN D3 FRESENIUS 2000NE TABLETTA;kolekalciferol;1
;VITAMIN E  30MG INJEKCIÓ;E-vitamin (alfa-tokoferol);1
;VITAMINA  A  BIOFARM 20MG/ML  BELS. OLD. CSEPPEK   10ML; ;1
;VIVAIRE 100UG/6UG TÚLNYOMÁSOS INH OLD;formoterol and beclometasone;1
;VOLTAREN  75MG/3ML OLD INJEKCIÓ;diclofenac;1
;VOMBEE 20MG/20MG MÓD HATÓA LEAD TABL;DIMENHYDRINATUM;1
;VORICONAZOLE ACCORD 200MG FILMTABL;vorikonazol;1
;VORICONAZOLE ONKOGEN 200MG POR OLDATOS I;vorikonazol;1
;WARFARIN ORION 5MG TABL;Warfarin;1
;XADAGO  50MG FILMTABLETTA;safinamide;1
;XALACOM 0,05MG/ML + 5MG/ML OLD SZEMCSEPP;timolol kombinációk;1
;XALATAN 0,05MG/ML OLDATOS SZEMCSEPP;latanoprost;1
;XALAZIN 500MG VÉGBÉLKÚP  TT;meszalazin;1
;XIGDUO 5MG/1000MG FILMTABLETTA;metformin és dapagliflozin;1
;XILOX 50MG/G GRANULÁTUM BELS SZUSZPENZIÓ;Nimesulide;1
;XILTESS 10MG FILMTABLETTA; ;1
;XIMARACT 50MG POR OLDATOS INJEKCIÓHOZ;cefuroxime;1
;XIVULAN 1000MG/200MG POR OLD INJHOZ VAGY;amoxicillin - laktamázgátló kombinációk;1
;XULTOPHY 100E/ML+3,6MG/ML OLDATOS INJ;degludek inzulin és liraglutid;1
;ZAVEDOS 10MG POR OLDATOS INFÚZIÓHOZ;idarubicin;1
;ZENOFOR  500MG RET TABLETTA;metformin;1
;ZERBAXA 1G/0,5G POR OLD INFÚZIÓHOZ VALÓ; ;1
;ZINCI OXIDUM;;1
;ZINNAT 125MG FILMTABLETTA;cefuroxim;1
;ZINNAT 125MG/5ML GRAN BELS SZUSZPENZIO;cefuroxim;1
;ZINNAT 500MG FILMTABLETTA;cefuroxim;1
;ZITROCIN 500MG FILMTABLETTA;azitromicin;1
;ZOCOR 20MG FILMTABLETTA;simvastatin;1
;ZONEGRAN  50MG KEMÉNY KAPSZULA;Zonisamide;1
;ZORRATEN 30MG FILMTABLETTA; ;1
;ZORRATEN 60MG FILMTABLETTA; ;1
;ZOVIRAX SZUSZPENZIO;aciklovir;1
;ZYPREXA 10 MG POR INJEKCIÓHOZ;Olanzapine;1
;ZYRTEC 10MG/ML BELS OLD CSEPPEK;cetirizin;1
;ABEVMY 25MG/ML KONC OLD INFÚZIÓHOZ;bevacizumab;1
;ABEVMY 25MG/ML KONC OLD INFÚZIÓHOZ;bevacizumab;1
;ACTILYSE POR ÉS OLDÓSZER OLD INJHOZ VAGY;altepláz;1
;ACTILYSE POR ÉS OLDÓSZER OLD INJHOZ VAGY;altepláz;1
;ADCETRIS 50MG POR OLD INFÚZIÓHOZ VALÓ KO;brentuximab vedotin;1
;BAVENCIO 20MG/ML KONC OLDATOS INFÚZIÓHOZ;avelumab;1
;BIMZELX 160MG OLD INJ ET INJ TOLL;bimekizumab;1
;BORTEZOMIB STADA 2,5MG/ML OLD INJEKCIÓ;bortezomib;1
;CALQUENCE 100MG FILMTABLETTA;acalabrutinib;1
;COSENTYX 150MG OLD INJEKCIÓ ET INJ TOLL;secukinumab;1
;COSENTYX 300MG OLDATOS INJEKCIÓ ET INJ T;secukinumab;1
;DARZALEX 1800MG OLDATOS INJEKCIÓ;daratumumab;1
;ENTYVIO 108MG OLDATOS INJEKCIÓ ET INJ TO;vedolizumab;1
;ERBITUX 5MG/ML OLDATOS INFÚZIÓ;cetuximab;1
;IMBRUVICA 280MG FILMTABLETTA;ibrutinib;1
;IMBRUVICA 420MG FILMTABLETTA;ibrutinib;1
;IMBRUVICA 560MG FILMTABLETTA;ibrutinib;1
;IMFINZI 50MG/ML KONC OLDATOS INFÚZIÓHOZ;durvalumab;1
;KEYTRUDA 25MG/ML KONC OLDATOS INFÚZIÓHOZ;pembrolizumab;1
;KYPROLIS 10MG POR OLDATOS INFÚZIÓHOZ;carfilzomib;1
;KYPROLIS 60MG POR OLDATOS INFÚZIÓHOZ;carfilzomib;1
;LORVIQUA 100MG FILMTABLETTA;lorlatinib;1
;MEKINIST 0,5MG FILMTABLETTA;trametinib;1
;MEKINIST 2MG FILMTABLETTA;trametinib;1
;NINLARO 3MG KEMÉNY KAPSZULA;ixazomib;1
;NINLARO 4MG KEMÉNY KAPSZULA;ixazomib;1
;OLUMIANT 4MG FILMTABLETTA;baricitinib;1
;OPDIVO 10MG/ML KONC OLDATOS INFÚZIÓHOZ;nivolumab;1
;OPDIVO 10MG/ML KONC OLDATOS INFÚZIÓHOZ;nivolumab;1
;OPDIVO 10MG/ML KONC OLDATOS INFÚZIÓHOZ;nivolumab;1
;ORENCIA 250MG POR OLD INFHOZ VALÓ KONC;Abatacept;1
;POLIVY 30MG POR OLD INFÚZIÓHOZ VALÓ KONC;polatuzumab vedotin;1
;POMALIDOMIDE KRKA 4 MG KEMÉNY KAPSZULA;pomalidomid;1
;RINVOQ 15MG RETARD TABLETTA;upadactinib;1
;RINVOQ 30MG RETARD TABLETTA;upadactinib;1
;RINVOQ 45MG RETARD TABLETTA;upadactinib;1
;RIXATHON 100MG KONC OLDATOS INFÚZIÓHOZ;rituximab;1
;RIXATHON 500MG KONC OLDATOS INFÚZIÓHOZ;rituximab;1
;SKYRIZI 150MG OLD INJEKCIÓ ET INJ TOLL;risankizumab;1
;STELARA 130MG KONC OLDATOS INFÚZIÓHOZ; ;1
;STELARA 90MG  OLD INJEKCIÓ ET FECSKBEN; ;1
;SUSSYN 200MG KEMÉNY KAPSZULA;Celecoxib;1
;SYNAGIS  50MG INJEKCIÓ TT;Palivizumab;1
;TAFINLAR 75MG KEMÉNY KAPSZULA;dabrafenib;1
;TALTZ 80MG OLDATOS INJEKCIÓ ET INJ TOLL;ixekizumab;1
;TECENTRIQ 1200MG KONC OLDATOS INFÚZIÓHOZ;atezolizumab;1
;TECENTRIQ 1875MG OLDATOS INJEKCIÓ;atezolizumab;1
;TREMFYA 100MG ONEPRESS OLD INJEKCIÓ ET;guselkumab;1
;TREMFYA 100MG PUSHPEN OLDATOS INJ ET TOLLBAN;guselkumab;1
;TREMFYA 200MG OLDATOS INJEKCIÓ ET INJ TOLL;guselkumab;1
;VENCLYXTO  10MG FILMTABLETTA;venetoclax;1
;VENCLYXTO  50MG FILMTABLETTA;venetoclax;1
;VENCLYXTO 100MG FILMTABLETTA;venetoclax;1
;VENCLYXTO 100MG FILMTABLETTA;venetoclax;1
;VENCLYXTO 100MG FILMTABLETTA;venetoclax;1
;XELJANZ 5MG FILMTABLETTA;tofacitinib;1
;YERVOY 5MG/ML KONC OLD INFÚZIÓHOZ;ipilimumab;1
;YERVOY 5MG/ML KONC OLD INFÚZIÓHOZ;ipilimumab;1
;YESINTEK 130 MG KONCENTRÁTUM OLDATOS INF; ;1
;YESINTEK 45 MG OLDATOS INJEKCIÓ ELÕRETÖL; ;1
;YESINTEK 90 MG OLDATOS INJEKCIÓ ELÕRETÖL; ;1
;ZESSLY 100MG POR OLD INFÚZIÓHOZ VALÓ KON; ;1
;AVTOZMA 162MGOLD INJEKCIÓ ET INJ TOLL; ;1
;AVTOZMA 20MG/ML KONC OLDATOS INF; ;1
;AVTOZMA 20MG/ML KONC OLDATOS INF; ;1
;GAZYVARO 1000MG KONC OLD INFÚZIÓHOZ;obinutuzumab;1
;VABYSMO 120MG/ML OLDATOS INJEKCIÓ;faricimab;1
;TEDENOMO 80MG/1,5MG MÓD HATÓANYAG-LEAD T;telmisartan és vizelethajtók;1
;VABINCOR 80MG/1,5MG MÓD HATÓANYAGLEAD TA;Valsartan and diuretics;1
;ELIQUIS 2,5MG FILMTABLETTA; ;1
;ELIQUIS 5MG FILMTABLETTA; ;1
;KERENDIA 10MG FILMTABLETTA;finerenon;1
;KETILEPT  25MG FILMTABLETTA;Quetiapine;1
;PRABEGIN 150MG KEMÉNY KAPSZULA;pregabalin;1
;SARCLISA 20MG/ML KONC OLDATOS INFÚZIÓHOZ;isatuximab;1
;AVIGAN 200MG TABLETTA 100X;favipiravir;1
;VEKLURY 100MG POR INJEKCIÓHOZ 1X; ;1
;ENTYVIO 108MG OLDATOS INJEKCIÓ ET INJ TO;vedolizumab;1
;ENTYVIO 300MG POR OLD INFÚZIÓHOZ VALÓ KO;vedolizumab;1
;EYDENZELT 40MG/ML OLDATOS INJ; ;1
;JALOSOME ORAL BARRIER GEL 10ML; ;1
;RANIVISIO 10MG/ML OLDATOS INJEKCIÓ;ranibizumab;1
;SKYRIZI 150MG OLD INJEKCIÓ ET INJ TOLL;risankizumab;1
;BESPONSA 1MG POR OLD INFÚZIÓHOZ VALÓ KON;inotuzumab ozogamicin;1
;BLINCYTO 38,5UG POR KONCHOZ ÉS OLD OLDAT;blinatumomab;1
;ENHERTU 100MG POR OLD INFÚZIÓHOZ VALÓ KO;trastuzumab deruxtecan;1
;LIBTAYO 350MG KONC OLD INFÚZIÓHOZ;cemiplimab;1
